phase	round	slot	arm	case	repeat	ns
null	0	0	A	status	0	56.580379605293274
null	0	0	A	status	1	60.613160021603115
null	0	0	A	status	2	74.73406032659113
null	0	0	A	status	3	82.9650997184217
null	0	0	A	status	4	63.76254023052752
null	0	0	A	converter_exact	0	67.19233002513647
null	0	0	A	converter_exact	1	70.41600998491049
null	0	0	A	converter_exact	2	68.92964942380786
null	0	0	A	converter_exact	3	70.33320027403533
null	0	0	A	converter_exact	4	71.06848061084747
null	0	0	A	converter_mro	0	120.85289927199483
null	0	0	A	converter_mro	1	120.0229290407151
null	0	0	A	converter_mro	2	119.66962018050255
null	0	0	A	converter_mro	3	118.51249961182475
null	0	0	A	converter_mro	4	119.11613051779568
null	0	0	A	exception_exact	0	93.20821962319314
null	0	0	A	exception_exact	1	92.30523952282965
null	0	0	A	exception_exact	2	90.70188971236348
null	0	0	A	exception_exact	3	88.36735971271992
null	0	0	A	exception_exact	4	88.5619199834764
null	0	0	A	exception_mro	0	138.5959703475237
null	0	0	A	exception_mro	1	140.5054598581046
null	0	0	A	exception_mro	2	141.13829005509615
null	0	0	A	exception_mro	3	143.70449003763497
null	0	0	A	exception_mro	4	140.49238990992308
null	0	0	A	exception_default	0	71.00268034264445
null	0	0	A	exception_default	1	74.23890987411141
null	0	0	A	exception_default	2	73.61841038800776
null	0	0	A	exception_default	3	73.06865067221224
null	0	0	A	exception_default	4	74.15971951559186
null	0	0	A	dispatch_normal	0	1782.3074012994766
null	0	0	A	dispatch_normal	1	1933.1766059622169
null	0	0	A	dispatch_normal	2	1744.4395925849676
null	0	0	A	dispatch_normal	3	1765.3220100328326
null	0	0	A	dispatch_normal	4	1772.3584081977606
null	0	0	A	dispatch_404	0	2206.0946095734835
null	0	0	A	dispatch_404	1	2209.402807056904
null	0	0	A	dispatch_404	2	2160.2154010906816
null	0	0	A	dispatch_404	3	2206.144016236067
null	0	0	A	dispatch_404	4	2179.0269995108247
null	0	0	A	dispatch_exception	0	3939.873003400862
null	0	0	A	dispatch_exception	1	3448.591008782387
null	0	0	A	dispatch_exception	2	3376.3171872124076
null	0	0	A	dispatch_exception	3	3136.9758071377873
null	0	0	A	dispatch_exception	4	2944.988990202546
null	0	0	A	dispatch_default	0	4474.625806324184
null	0	0	A	dispatch_default	1	4337.106388993561
null	0	0	A	dispatch_default	2	4375.058598816395
null	0	0	A	dispatch_default	3	4334.286600351334
null	0	0	A	dispatch_default	4	4370.68419996649
null	0	0	A	dispatch_guard	0	3302.1803945302963
null	0	0	A	dispatch_guard	1	3223.8160027191043
null	0	0	A	dispatch_guard	2	3291.8378012254834
null	0	0	A	dispatch_guard	3	3115.1829985901713
null	0	0	A	dispatch_guard	4	3142.182598821819
null	0	1	B	status	0	54.92327036336064
null	0	1	B	status	1	54.606819758191705
null	0	1	B	status	2	55.11626019142568
null	0	1	B	status	3	54.95634977705777
null	0	1	B	status	4	55.511719547212124
null	0	1	B	converter_exact	0	65.73860999196768
null	0	1	B	converter_exact	1	64.64306032285094
null	0	1	B	converter_exact	2	62.856050208210945
null	0	1	B	converter_exact	3	64.38167998567224
null	0	1	B	converter_exact	4	61.77303963340818
null	0	1	B	converter_mro	0	118.94989991560578
null	0	1	B	converter_mro	1	114.47118013165891
null	0	1	B	converter_mro	2	114.87165931612253
null	0	1	B	converter_mro	3	115.04766996949911
null	0	1	B	converter_mro	4	110.13348936103284
null	0	1	B	exception_exact	0	95.45297012664378
null	0	1	B	exception_exact	1	89.1275703907013
null	0	1	B	exception_exact	2	93.49439991638064
null	0	1	B	exception_exact	3	87.25011022761464
null	0	1	B	exception_exact	4	93.15912961028516
null	0	1	B	exception_mro	0	138.89921945519745
null	0	1	B	exception_mro	1	139.35266993939877
null	0	1	B	exception_mro	2	145.76492947526276
null	0	1	B	exception_mro	3	140.7047302927822
null	0	1	B	exception_mro	4	137.69950019195676
null	0	1	B	exception_default	0	72.65074062161148
null	0	1	B	exception_default	1	73.38007912039757
null	0	1	B	exception_default	2	72.54890981130302
null	0	1	B	exception_default	3	72.9389803018421
null	0	1	B	exception_default	4	72.96937983483076
null	0	1	B	dispatch_normal	0	1755.4859863594174
null	0	1	B	dispatch_normal	1	1752.5923904031515
null	0	1	B	dispatch_normal	2	1752.811810001731
null	0	1	B	dispatch_normal	3	1875.6818026304245
null	0	1	B	dispatch_normal	4	1817.0336028560996
null	0	1	B	dispatch_404	0	2176.9176004454494
null	0	1	B	dispatch_404	1	2196.5401945635676
null	0	1	B	dispatch_404	2	2383.4317922592163
null	0	1	B	dispatch_404	3	2196.648810058832
null	0	1	B	dispatch_404	4	2221.371582709253
null	0	1	B	dispatch_exception	0	3836.395591497421
null	0	1	B	dispatch_exception	1	3227.917989715934
null	0	1	B	dispatch_exception	2	3153.0092004686594
null	0	1	B	dispatch_exception	3	3195.0087985023856
null	0	1	B	dispatch_exception	4	2885.0619914010167
null	0	1	B	dispatch_default	0	4567.769402638078
null	0	1	B	dispatch_default	1	4285.499383695424
null	0	1	B	dispatch_default	2	4428.3231953158975
null	0	1	B	dispatch_default	3	4631.5245795995
null	0	1	B	dispatch_default	4	4501.027590595186
null	0	1	B	dispatch_guard	0	3076.5653820708394
null	0	1	B	dispatch_guard	1	3135.1743964478374
null	0	1	B	dispatch_guard	2	3153.103799559176
null	0	1	B	dispatch_guard	3	2995.6293990835547
null	0	1	B	dispatch_guard	4	3010.219009593129
null	0	2	B	status	0	53.66535973735154
null	0	2	B	status	1	53.717149421572685
null	0	2	B	status	2	53.99456014856696
null	0	2	B	status	3	58.303800178691745
null	0	2	B	status	4	53.74244065023959
null	0	2	B	converter_exact	0	62.799060251563795
null	0	2	B	converter_exact	1	63.191719818860285
null	0	2	B	converter_exact	2	62.41795956157148
null	0	2	B	converter_exact	3	67.82182957977057
null	0	2	B	converter_exact	4	61.76413968205453
null	0	2	B	converter_mro	0	115.5795797239989
null	0	2	B	converter_mro	1	111.7667299695313
null	0	2	B	converter_mro	2	111.6033794824034
null	0	2	B	converter_mro	3	113.83048025891185
null	0	2	B	converter_mro	4	113.56853065080941
null	0	2	B	exception_exact	0	89.09926051273942
null	0	2	B	exception_exact	1	90.21810023114085
null	0	2	B	exception_exact	2	89.53402983024716
null	0	2	B	exception_exact	3	92.24814944900572
null	0	2	B	exception_exact	4	95.31924966722727
null	0	2	B	exception_mro	0	136.59236021339893
null	0	2	B	exception_mro	1	138.29367002472281
null	0	2	B	exception_mro	2	138.40142986737192
null	0	2	B	exception_mro	3	142.37083960324526
null	0	2	B	exception_mro	4	144.11251991987228
null	0	2	B	exception_default	0	73.42937984503806
null	0	2	B	exception_default	1	73.82774027064443
null	0	2	B	exception_default	2	74.17759974487126
null	0	2	B	exception_default	3	74.11194033920765
null	0	2	B	exception_default	4	74.2979405913502
null	0	2	B	dispatch_normal	0	1815.9452127292752
null	0	2	B	dispatch_normal	1	1813.8538114726543
null	0	2	B	dispatch_normal	2	1801.090594381094
null	0	2	B	dispatch_normal	3	1892.2779941931367
null	0	2	B	dispatch_normal	4	1825.3233982250094
null	0	2	B	dispatch_404	0	2266.7901823297143
null	0	2	B	dispatch_404	1	2226.8708096817136
null	0	2	B	dispatch_404	2	2328.4560069441795
null	0	2	B	dispatch_404	3	2333.7733931839466
null	0	2	B	dispatch_404	4	2244.0334083512425
null	0	2	B	dispatch_exception	0	3998.1351932510734
null	0	2	B	dispatch_exception	1	3120.8467902615666
null	0	2	B	dispatch_exception	2	2914.7705994546413
null	0	2	B	dispatch_exception	3	2818.326186388731
null	0	2	B	dispatch_exception	4	2846.5008130297065
null	0	2	B	dispatch_default	0	4274.434386752546
null	0	2	B	dispatch_default	1	4267.93999504298
null	0	2	B	dispatch_default	2	4412.8378154709935
null	0	2	B	dispatch_default	3	4239.404387772083
null	0	2	B	dispatch_default	4	4472.239199094474
null	0	2	B	dispatch_guard	0	3024.1830041632056
null	0	2	B	dispatch_guard	1	2976.420195773244
null	0	2	B	dispatch_guard	2	2973.5001968219876
null	0	2	B	dispatch_guard	3	2955.4765904322267
null	0	2	B	dispatch_guard	4	3071.032394655049
null	0	3	A	status	0	55.67681975662708
null	0	3	A	status	1	54.47944044135511
null	0	3	A	status	2	55.85917038843036
null	0	3	A	status	3	55.27053959667683
null	0	3	A	status	4	56.344299810007215
null	0	3	A	converter_exact	0	68.43594019301236
null	0	3	A	converter_exact	1	62.23033065907658
null	0	3	A	converter_exact	2	61.30754016339778
null	0	3	A	converter_exact	3	66.47392059676349
null	0	3	A	converter_exact	4	62.1458503883332
null	0	3	A	converter_mro	0	110.99910945631564
null	0	3	A	converter_mro	1	115.93597009778023
null	0	3	A	converter_mro	2	112.46128007769585
null	0	3	A	converter_mro	3	113.19829034619033
null	0	3	A	converter_mro	4	113.57142007909715
null	0	3	A	exception_exact	0	93.32914953120053
null	0	3	A	exception_exact	1	90.47916042618454
null	0	3	A	exception_exact	2	98.40984013862908
null	0	3	A	exception_exact	3	87.72360975854099
null	0	3	A	exception_exact	4	93.49661064334214
null	0	3	A	exception_mro	0	140.88386902585626
null	0	3	A	exception_mro	1	139.36795992776752
null	0	3	A	exception_mro	2	139.1043607145548
null	0	3	A	exception_mro	3	139.0808797441423
null	0	3	A	exception_mro	4	144.15052952244878
null	0	3	A	exception_default	0	73.43320990912616
null	0	3	A	exception_default	1	74.5043798815459
null	0	3	A	exception_default	2	73.34487978368998
null	0	3	A	exception_default	3	78.61029007472098
null	0	3	A	exception_default	4	72.23863969556987
null	0	3	A	dispatch_normal	0	1775.685604661703
null	0	3	A	dispatch_normal	1	1776.4549935236573
null	0	3	A	dispatch_normal	2	1810.2325964719057
null	0	3	A	dispatch_normal	3	1806.9572048261762
null	0	3	A	dispatch_normal	4	1950.6993936374784
null	0	3	A	dispatch_404	0	2236.867998726666
null	0	3	A	dispatch_404	1	2311.076200567186
null	0	3	A	dispatch_404	2	2109.659998677671
null	0	3	A	dispatch_404	3	2153.076184913516
null	0	3	A	dispatch_404	4	2154.848794452846
null	0	3	A	dispatch_exception	0	3923.7217977643013
null	0	3	A	dispatch_exception	1	3158.5325952619314
null	0	3	A	dispatch_exception	2	3027.562191709876
null	0	3	A	dispatch_exception	3	2969.6494108065963
null	0	3	A	dispatch_exception	4	2963.3403988555074
null	0	3	A	dispatch_default	0	4459.910583682358
null	0	3	A	dispatch_default	1	4518.190212547779
null	0	3	A	dispatch_default	2	4458.725801669061
null	0	3	A	dispatch_default	3	4193.95559001714
null	0	3	A	dispatch_default	4	4395.898804068565
null	0	3	A	dispatch_guard	0	3181.5296038985252
null	0	3	A	dispatch_guard	1	3201.4024211093783
null	0	3	A	dispatch_guard	2	2990.8948112279177
null	0	3	A	dispatch_guard	3	3013.419616036117
null	0	3	A	dispatch_guard	4	3072.2706113010645
null	1	0	B	status	0	54.828530410304666
null	1	0	B	status	1	58.03637905046344
null	1	0	B	status	2	55.99679076112807
null	1	0	B	status	3	57.54069075919688
null	1	0	B	status	4	57.09521006792784
null	1	0	B	converter_exact	0	63.005819683894515
null	1	0	B	converter_exact	1	63.78802005201579
null	1	0	B	converter_exact	2	69.57091041840613
null	1	0	B	converter_exact	3	62.78913002461195
null	1	0	B	converter_exact	4	64.80137002654374
null	1	0	B	converter_mro	0	115.13428995385766
null	1	0	B	converter_mro	1	114.24895958043635
null	1	0	B	converter_mro	2	115.10169017128646
null	1	0	B	converter_mro	3	115.81536033190787
null	1	0	B	converter_mro	4	116.06656014919281
null	1	0	B	exception_exact	0	90.23651015013456
null	1	0	B	exception_exact	1	93.14505034126341
null	1	0	B	exception_exact	2	92.41675958037376
null	1	0	B	exception_exact	3	95.00817046500742
null	1	0	B	exception_exact	4	94.37493048608303
null	1	0	B	exception_mro	0	156.65540006011724
null	1	0	B	exception_mro	1	173.2370990794152
null	1	0	B	exception_mro	2	141.85464940965176
null	1	0	B	exception_mro	3	143.0770696606487
null	1	0	B	exception_mro	4	148.43245968222618
null	1	0	B	exception_default	0	76.58330025151372
null	1	0	B	exception_default	1	78.84266902692616
null	1	0	B	exception_default	2	73.98079033009708
null	1	0	B	exception_default	3	77.68462994135916
null	1	0	B	exception_default	4	75.89562912471592
null	1	0	B	dispatch_normal	0	1811.91919837147
null	1	0	B	dispatch_normal	1	1843.681395985186
null	1	0	B	dispatch_normal	2	1895.633595995605
null	1	0	B	dispatch_normal	3	1901.2365955859423
null	1	0	B	dispatch_normal	4	1983.8787848129869
null	1	0	B	dispatch_404	0	2176.238805986941
null	1	0	B	dispatch_404	1	2239.9165900424123
null	1	0	B	dispatch_404	2	2295.7534063607454
null	1	0	B	dispatch_404	3	2193.541591987014
null	1	0	B	dispatch_404	4	2247.686590999365
null	1	0	B	dispatch_exception	0	4077.300592325628
null	1	0	B	dispatch_exception	1	3169.5590121671557
null	1	0	B	dispatch_exception	2	3107.7712075784802
null	1	0	B	dispatch_exception	3	2913.23559358716
null	1	0	B	dispatch_exception	4	2799.2511866614223
null	1	0	B	dispatch_default	0	4469.355195760727
null	1	0	B	dispatch_default	1	4590.028012171388
null	1	0	B	dispatch_default	2	4593.527386896312
null	1	0	B	dispatch_default	3	4501.115786843002
null	1	0	B	dispatch_default	4	4504.36279643327
null	1	0	B	dispatch_guard	0	3053.773194551468
null	1	0	B	dispatch_guard	1	3169.719409197569
null	1	0	B	dispatch_guard	2	3094.6322018280625
null	1	0	B	dispatch_guard	3	3229.458793066442
null	1	0	B	dispatch_guard	4	3206.4203871414065
null	1	1	A	status	0	56.27201055176556
null	1	1	A	status	1	55.69520057179034
null	1	1	A	status	2	60.07882067933678
null	1	1	A	status	3	62.8000998403877
null	1	1	A	status	4	62.06695106811822
null	1	1	A	converter_exact	0	62.2306892182678
null	1	1	A	converter_exact	1	63.70667018927634
null	1	1	A	converter_exact	2	62.668510945513844
null	1	1	A	converter_exact	3	65.5314396135509
null	1	1	A	converter_exact	4	62.75633000768721
null	1	1	A	converter_mro	0	120.19949965178967
null	1	1	A	converter_mro	1	120.26998912915586
null	1	1	A	converter_mro	2	119.5022091269493
null	1	1	A	converter_mro	3	124.11164934746921
null	1	1	A	converter_mro	4	120.52464997395874
null	1	1	A	exception_exact	0	93.60895957797766
null	1	1	A	exception_exact	1	93.33507972769439
null	1	1	A	exception_exact	2	94.48740049265325
null	1	1	A	exception_exact	3	92.67084067687392
null	1	1	A	exception_exact	4	93.52494962513447
null	1	1	A	exception_mro	0	145.18996933475137
null	1	1	A	exception_mro	1	144.7305199690163
null	1	1	A	exception_mro	2	145.6672407221049
null	1	1	A	exception_mro	3	144.45923967286944
null	1	1	A	exception_mro	4	206.06284961104393
null	1	1	A	exception_default	0	76.06427068822086
null	1	1	A	exception_default	1	76.6935502178967
null	1	1	A	exception_default	2	76.65378972887993
null	1	1	A	exception_default	3	77.10724021308124
null	1	1	A	exception_default	4	75.89703076519072
null	1	1	A	dispatch_normal	0	1881.3482020050287
null	1	1	A	dispatch_normal	1	1861.191587522626
null	1	1	A	dispatch_normal	2	1901.0357791557908
null	1	1	A	dispatch_normal	3	1878.6263884976506
null	1	1	A	dispatch_normal	4	1859.901798889041
null	1	1	A	dispatch_404	0	2262.3923840001225
null	1	1	A	dispatch_404	1	2278.8337897509336
null	1	1	A	dispatch_404	2	2268.560999073088
null	1	1	A	dispatch_404	3	2272.657002322376
null	1	1	A	dispatch_404	4	2244.1305918619037
null	1	1	A	dispatch_exception	0	3990.5579993501306
null	1	1	A	dispatch_exception	1	3217.1282218769193
null	1	1	A	dispatch_exception	2	3388.309618458152
null	1	1	A	dispatch_exception	3	3164.473222568631
null	1	1	A	dispatch_exception	4	3010.34739241004
null	1	1	A	dispatch_default	0	4615.42138364166
null	1	1	A	dispatch_default	1	4433.848988264799
null	1	1	A	dispatch_default	2	4365.815198980272
null	1	1	A	dispatch_default	3	4340.247204527259
null	1	1	A	dispatch_default	4	4851.314797997475
null	1	1	A	dispatch_guard	0	3159.9218025803566
null	1	1	A	dispatch_guard	1	3109.847381711006
null	1	1	A	dispatch_guard	2	3063.758392818272
null	1	1	A	dispatch_guard	3	3150.716982781887
null	1	1	A	dispatch_guard	4	3081.437200307846
null	1	2	A	status	0	54.79122046381235
null	1	2	A	status	1	58.203929802402854
null	1	2	A	status	2	56.1850902158767
null	1	2	A	status	3	57.146439794451
null	1	2	A	status	4	80.76588972471654
null	1	2	A	converter_exact	0	92.74233947508037
null	1	2	A	converter_exact	1	67.09138047881424
null	1	2	A	converter_exact	2	64.08078945241868
null	1	2	A	converter_exact	3	67.80002964660525
null	1	2	A	converter_exact	4	63.82731022313237
null	1	2	A	converter_mro	0	116.82315031066537
null	1	2	A	converter_mro	1	116.44377023912966
null	1	2	A	converter_mro	2	116.4260390214622
null	1	2	A	converter_mro	3	114.16083085350692
null	1	2	A	converter_mro	4	117.56466003134847
null	1	2	A	exception_exact	0	93.43612007796764
null	1	2	A	exception_exact	1	92.25139976479113
null	1	2	A	exception_exact	2	92.7965494338423
null	1	2	A	exception_exact	3	92.56723918952048
null	1	2	A	exception_exact	4	89.57721060141921
null	1	2	A	exception_mro	0	198.93522025085986
null	1	2	A	exception_mro	1	151.48540027439594
null	1	2	A	exception_mro	2	138.1100493017584
null	1	2	A	exception_mro	3	139.33314010500908
null	1	2	A	exception_mro	4	139.502240344882
null	1	2	A	exception_default	0	74.79907013475895
null	1	2	A	exception_default	1	75.69206994958222
null	1	2	A	exception_default	2	75.08025970309973
null	1	2	A	exception_default	3	76.88049925491214
null	1	2	A	exception_default	4	81.60650031641126
null	1	2	A	dispatch_normal	0	3136.150003410876
null	1	2	A	dispatch_normal	1	2301.18480976671
null	1	2	A	dispatch_normal	2	1865.4650077223778
null	1	2	A	dispatch_normal	3	1826.1156044900417
null	1	2	A	dispatch_normal	4	1783.5929989814758
null	1	2	A	dispatch_404	0	2259.7206057980657
null	1	2	A	dispatch_404	1	2155.539393424988
null	1	2	A	dispatch_404	2	2180.8494115248322
null	1	2	A	dispatch_404	3	2171.4982111006975
null	1	2	A	dispatch_404	4	2164.485608227551
null	1	2	A	dispatch_exception	0	5257.989792153239
null	1	2	A	dispatch_exception	1	3983.849007636308
null	1	2	A	dispatch_exception	2	3257.5166085734963
null	1	2	A	dispatch_exception	3	3203.600994311273
null	1	2	A	dispatch_exception	4	3096.3786179199815
null	1	2	A	dispatch_default	0	4571.94980699569
null	1	2	A	dispatch_default	1	4363.676812499762
null	1	2	A	dispatch_default	2	4360.5666141957045
null	1	2	A	dispatch_default	3	4423.725395463407
null	1	2	A	dispatch_default	4	4659.518203698099
null	1	2	A	dispatch_guard	0	3927.1155837923284
null	1	2	A	dispatch_guard	1	4445.902397856116
null	1	2	A	dispatch_guard	2	3134.9682016298175
null	1	2	A	dispatch_guard	3	3300.525387749076
null	1	2	A	dispatch_guard	4	3590.592392720282
null	1	3	B	status	0	59.0844196267426
null	1	3	B	status	1	55.17945042811334
null	1	3	B	status	2	58.60893055796623
null	1	3	B	status	3	54.530350025743246
null	1	3	B	status	4	58.83108940906823
null	1	3	B	converter_exact	0	63.234349945560105
null	1	3	B	converter_exact	1	62.845860375091426
null	1	3	B	converter_exact	2	68.66356008686125
null	1	3	B	converter_exact	3	66.16464932449162
null	1	3	B	converter_exact	4	65.88974967598915
null	1	3	B	converter_mro	0	118.00187057815492
null	1	3	B	converter_mro	1	115.96237076446414
null	1	3	B	converter_mro	2	123.7446896266192
null	1	3	B	converter_mro	3	117.2081904951483
null	1	3	B	converter_mro	4	117.91636934503913
null	1	3	B	exception_exact	0	139.0498992986977
null	1	3	B	exception_exact	1	89.64637061581016
null	1	3	B	exception_exact	2	92.24375942721963
null	1	3	B	exception_exact	3	91.04578057304025
null	1	3	B	exception_exact	4	91.45012008957565
null	1	3	B	exception_mro	0	142.8645697887987
null	1	3	B	exception_mro	1	169.73997931927443
null	1	3	B	exception_mro	2	238.083970034495
null	1	3	B	exception_mro	3	154.47709942236543
null	1	3	B	exception_mro	4	152.55485894158483
null	1	3	B	exception_default	0	76.94388972595334
null	1	3	B	exception_default	1	73.73795961029828
null	1	3	B	exception_default	2	78.22389947250485
null	1	3	B	exception_default	3	73.95492983050644
null	1	3	B	exception_default	4	74.92698030546308
null	1	3	B	dispatch_normal	0	2037.4963991343975
null	1	3	B	dispatch_normal	1	1826.609787531197
null	1	3	B	dispatch_normal	2	1816.8612150475383
null	1	3	B	dispatch_normal	3	1836.975198239088
null	1	3	B	dispatch_normal	4	1913.1570123136044
null	1	3	B	dispatch_404	0	2220.5539979040623
null	1	3	B	dispatch_404	1	2244.7503870353103
null	1	3	B	dispatch_404	2	2206.2681848183274
null	1	3	B	dispatch_404	3	2235.502004623413
null	1	3	B	dispatch_404	4	2236.4286007359624
null	1	3	B	dispatch_exception	0	4018.5771882534023
null	1	3	B	dispatch_exception	1	3262.579021975398
null	1	3	B	dispatch_exception	2	3198.148380033672
null	1	3	B	dispatch_exception	3	3155.879187397659
null	1	3	B	dispatch_exception	4	3046.117816120386
null	1	3	B	dispatch_default	0	4760.331194847822
null	1	3	B	dispatch_default	1	4307.454195804894
null	1	3	B	dispatch_default	2	4428.152204491198
null	1	3	B	dispatch_default	3	4385.230201296508
null	1	3	B	dispatch_default	4	4482.770012691617
null	1	3	B	dispatch_guard	0	3110.1376051083207
null	1	3	B	dispatch_guard	1	3069.5938039571047
null	1	3	B	dispatch_guard	2	3655.9503991156816
null	1	3	B	dispatch_guard	3	5300.002195872366
null	1	3	B	dispatch_guard	4	3294.886602088809
null	2	0	A	status	0	55.029469076544046
null	2	0	A	status	1	57.188490172848105
null	2	0	A	status	2	59.47161931544542
null	2	0	A	status	3	54.37835934571922
null	2	0	A	status	4	56.85438052751124
null	2	0	A	converter_exact	0	62.69120960496365
null	2	0	A	converter_exact	1	66.85680942609906
null	2	0	A	converter_exact	2	63.77383950166405
null	2	0	A	converter_exact	3	63.01229004748165
null	2	0	A	converter_exact	4	63.7119507882744
null	2	0	A	converter_mro	0	114.4536305218935
null	2	0	A	converter_mro	1	112.3927894514054
null	2	0	A	converter_mro	2	114.52981969341636
null	2	0	A	converter_mro	3	116.32645968347788
null	2	0	A	converter_mro	4	120.1157702598721
null	2	0	A	exception_exact	0	94.59610912017524
null	2	0	A	exception_exact	1	92.66847046092153
null	2	0	A	exception_exact	2	91.206980869174
null	2	0	A	exception_exact	3	94.0961402375251
null	2	0	A	exception_exact	4	93.51434069685638
null	2	0	A	exception_mro	0	145.59268951416016
null	2	0	A	exception_mro	1	144.63268918916583
null	2	0	A	exception_mro	2	141.90961956046522
null	2	0	A	exception_mro	3	149.2032897658646
null	2	0	A	exception_mro	4	145.26405953802168
null	2	0	A	exception_default	0	78.21854087524116
null	2	0	A	exception_default	1	76.61802927032113
null	2	0	A	exception_default	2	76.77747984416783
null	2	0	A	exception_default	3	73.34886933676898
null	2	0	A	exception_default	4	74.06826014630497
null	2	0	A	dispatch_normal	0	1824.447000399232
null	2	0	A	dispatch_normal	1	2624.7131871059537
null	2	0	A	dispatch_normal	2	2800.601185299456
null	2	0	A	dispatch_normal	3	1802.8638092800975
null	2	0	A	dispatch_normal	4	1895.3603925183415
null	2	0	A	dispatch_404	0	2318.597212433815
null	2	0	A	dispatch_404	1	3869.9736120179296
null	2	0	A	dispatch_404	2	3396.6070041060448
null	2	0	A	dispatch_404	3	2225.9186021983624
null	2	0	A	dispatch_404	4	2216.158783994615
null	2	0	A	dispatch_exception	0	3916.2774104624987
null	2	0	A	dispatch_exception	1	3300.6499987095594
null	2	0	A	dispatch_exception	2	3295.8669820800424
null	2	0	A	dispatch_exception	3	3097.665193490684
null	2	0	A	dispatch_exception	4	2967.2337928786874
null	2	0	A	dispatch_default	0	4648.619797080755
null	2	0	A	dispatch_default	1	5998.254613950849
null	2	0	A	dispatch_default	2	4475.479805842042
null	2	0	A	dispatch_default	3	4536.079196259379
null	2	0	A	dispatch_default	4	4485.597601160407
null	2	0	A	dispatch_guard	0	3357.51639213413
null	2	0	A	dispatch_guard	1	3051.9646126776934
null	2	0	A	dispatch_guard	2	3021.516394801438
null	2	0	A	dispatch_guard	3	3073.8517874851823
null	2	0	A	dispatch_guard	4	3136.9675882160664
null	2	1	B	status	0	55.211849976330996
null	2	1	B	status	1	54.824340622872114
null	2	1	B	status	2	55.11251976713538
null	2	1	B	status	3	54.924129508435726
null	2	1	B	status	4	56.563070975244045
null	2	1	B	converter_exact	0	63.94683965481818
null	2	1	B	converter_exact	1	84.65389022603631
null	2	1	B	converter_exact	2	64.17031981982291
null	2	1	B	converter_exact	3	71.26042968593538
null	2	1	B	converter_exact	4	62.189491000026464
null	2	1	B	converter_mro	0	123.06455057114363
null	2	1	B	converter_mro	1	125.76095992699267
null	2	1	B	converter_mro	2	133.63210018724203
null	2	1	B	converter_mro	3	123.30685975030065
null	2	1	B	converter_mro	4	124.37104014679788
null	2	1	B	exception_exact	0	127.42885970510542
null	2	1	B	exception_exact	1	111.63615039549768
null	2	1	B	exception_exact	2	93.86083926074207
null	2	1	B	exception_exact	3	93.86886958964169
null	2	1	B	exception_exact	4	92.2736304346472
null	2	1	B	exception_mro	0	147.37189980223775
null	2	1	B	exception_mro	1	146.4780094102025
null	2	1	B	exception_mro	2	142.26217987015843
null	2	1	B	exception_mro	3	148.68661994114518
null	2	1	B	exception_mro	4	144.12448043003678
null	2	1	B	exception_default	0	77.83618988469243
null	2	1	B	exception_default	1	75.38050995208323
null	2	1	B	exception_default	2	82.14168949052691
null	2	1	B	exception_default	3	76.93033898249269
null	2	1	B	exception_default	4	75.5702902097255
null	2	1	B	dispatch_normal	0	1787.0166106149554
null	2	1	B	dispatch_normal	1	1785.8456121757627
null	2	1	B	dispatch_normal	2	1770.2216049656272
null	2	1	B	dispatch_normal	3	1817.6707904785872
null	2	1	B	dispatch_normal	4	1806.260203011334
null	2	1	B	dispatch_404	0	2232.2573931887746
null	2	1	B	dispatch_404	1	2227.23800688982
null	2	1	B	dispatch_404	2	2189.45958185941
null	2	1	B	dispatch_404	3	2200.916805304587
null	2	1	B	dispatch_404	4	2238.704590126872
null	2	1	B	dispatch_exception	0	3814.5492086187005
null	2	1	B	dispatch_exception	1	3194.9247932061553
null	2	1	B	dispatch_exception	2	3256.693808361888
null	2	1	B	dispatch_exception	3	3152.807801961899
null	2	1	B	dispatch_exception	4	3070.753812789917
null	2	1	B	dispatch_default	0	4650.7925959303975
null	2	1	B	dispatch_default	1	4415.81760533154
null	2	1	B	dispatch_default	2	4355.584387667477
null	2	1	B	dispatch_default	3	5983.414594084024
null	2	1	B	dispatch_default	4	4789.03241455555
null	2	1	B	dispatch_guard	0	3121.1574096232653
null	2	1	B	dispatch_guard	1	3076.601796783507
null	2	1	B	dispatch_guard	2	3107.641194947064
null	2	1	B	dispatch_guard	3	3139.0147982165217
null	2	1	B	dispatch_guard	4	3103.49699575454
null	2	2	B	status	0	54.76226913742721
null	2	2	B	status	1	58.74413996934891
null	2	2	B	status	2	55.43494946323335
null	2	2	B	status	3	62.42307019419969
null	2	2	B	status	4	57.07025993615389
null	2	2	B	converter_exact	0	65.01146010123193
null	2	2	B	converter_exact	1	68.66654031910002
null	2	2	B	converter_exact	2	64.65326063334942
null	2	2	B	converter_exact	3	66.71320996247232
null	2	2	B	converter_exact	4	65.38109038956463
null	2	2	B	converter_mro	0	118.6735404189676
null	2	2	B	converter_mro	1	118.14911034889519
null	2	2	B	converter_mro	2	120.54675025865437
null	2	2	B	converter_mro	3	117.44076036848128
null	2	2	B	converter_mro	4	122.2295197658241
null	2	2	B	exception_exact	0	96.66566038504243
null	2	2	B	exception_exact	1	95.49033944495022
null	2	2	B	exception_exact	2	129.83567896299064
null	2	2	B	exception_exact	3	148.36558024398983
null	2	2	B	exception_exact	4	134.4465499278158
null	2	2	B	exception_mro	0	147.11768017150462
null	2	2	B	exception_mro	1	146.9284505583346
null	2	2	B	exception_mro	2	146.77988016046584
null	2	2	B	exception_mro	3	147.21982995979488
null	2	2	B	exception_mro	4	146.96697006002069
null	2	2	B	exception_default	0	75.58226003311574
null	2	2	B	exception_default	1	76.59517927095294
null	2	2	B	exception_default	2	78.07572023011744
null	2	2	B	exception_default	3	76.78239955566823
null	2	2	B	exception_default	4	76.92671963013709
null	2	2	B	dispatch_normal	0	1858.0301897600293
null	2	2	B	dispatch_normal	1	1867.3304002732038
null	2	2	B	dispatch_normal	2	1893.274998292327
null	2	2	B	dispatch_normal	3	1891.5924010798335
null	2	2	B	dispatch_normal	4	1914.7329963743687
null	2	2	B	dispatch_404	0	2216.621791012585
null	2	2	B	dispatch_404	1	2309.0719943866134
null	2	2	B	dispatch_404	2	2266.8648045510054
null	2	2	B	dispatch_404	3	2243.0687909945846
null	2	2	B	dispatch_404	4	2278.358000330627
null	2	2	B	dispatch_exception	0	4024.4108065962796
null	2	2	B	dispatch_exception	1	3573.700599372387
null	2	2	B	dispatch_exception	2	3238.766803406179
null	2	2	B	dispatch_exception	3	3079.312015324831
null	2	2	B	dispatch_exception	4	3009.5741851255298
null	2	2	B	dispatch_default	0	4868.129384703934
null	2	2	B	dispatch_default	1	4508.484387770295
null	2	2	B	dispatch_default	2	4622.156615369022
null	2	2	B	dispatch_default	3	6632.620585151017
null	2	2	B	dispatch_default	4	4525.85460152477
null	2	2	B	dispatch_guard	0	3249.0493962541223
null	2	2	B	dispatch_guard	1	3236.90518271178
null	2	2	B	dispatch_guard	2	3336.928994394839
null	2	2	B	dispatch_guard	3	3204.4221879914403
null	2	2	B	dispatch_guard	4	3169.8649981990457
null	2	3	A	status	0	72.26411020383239
null	2	3	A	status	1	79.49264952912927
null	2	3	A	status	2	66.6531000752002
null	2	3	A	status	3	70.72488078847528
null	2	3	A	status	4	68.6755299102515
null	2	3	A	converter_exact	0	64.02447004802525
null	2	3	A	converter_exact	1	64.59118914790452
null	2	3	A	converter_exact	2	64.6258401684463
null	2	3	A	converter_exact	3	64.53981972299516
null	2	3	A	converter_exact	4	63.90246096998453
null	2	3	A	converter_mro	0	119.6790102403611
null	2	3	A	converter_mro	1	119.61461976170538
null	2	3	A	converter_mro	2	115.59157981537282
null	2	3	A	converter_mro	3	115.77590019442141
null	2	3	A	converter_mro	4	115.72644929401577
null	2	3	A	exception_exact	0	90.16535943374038
null	2	3	A	exception_exact	1	91.6570401750505
null	2	3	A	exception_exact	2	91.13605949096382
null	2	3	A	exception_exact	3	92.02406043186784
null	2	3	A	exception_exact	4	91.27766010351479
null	2	3	A	exception_mro	0	142.86005054600537
null	2	3	A	exception_mro	1	143.1473798584193
null	2	3	A	exception_mro	2	143.2794297579676
null	2	3	A	exception_mro	3	146.83973044157028
null	2	3	A	exception_mro	4	146.44120004959404
null	2	3	A	exception_default	0	77.91823940351605
null	2	3	A	exception_default	1	75.83349943161011
null	2	3	A	exception_default	2	76.42406970262527
null	2	3	A	exception_default	3	76.11226988956332
null	2	3	A	exception_default	4	79.26442078314722
null	2	3	A	dispatch_normal	0	2033.0959931015968
null	2	3	A	dispatch_normal	1	1830.3962191566825
null	2	3	A	dispatch_normal	2	1909.4495801255105
null	2	3	A	dispatch_normal	3	2298.1613874435425
null	2	3	A	dispatch_normal	4	2711.4070020616055
null	2	3	A	dispatch_404	0	2269.0722020342946
null	2	3	A	dispatch_404	1	2270.968188531697
null	2	3	A	dispatch_404	2	2295.017405413091
null	2	3	A	dispatch_404	3	2396.737807430327
null	2	3	A	dispatch_404	4	2202.5230107828975
null	2	3	A	dispatch_exception	0	4056.2750073149805
null	2	3	A	dispatch_exception	1	3260.1396087557077
null	2	3	A	dispatch_exception	2	3156.975586898625
null	2	3	A	dispatch_exception	3	3111.0370066016912
null	2	3	A	dispatch_exception	4	3060.852992348373
null	2	3	A	dispatch_default	0	4559.348616749048
null	2	3	A	dispatch_default	1	4314.952390268445
null	2	3	A	dispatch_default	2	4505.306389182806
null	2	3	A	dispatch_default	3	4948.347387835383
null	2	3	A	dispatch_default	4	7769.258599728347
null	2	3	A	dispatch_guard	0	4013.0210109055047
null	2	3	A	dispatch_guard	1	3229.972580447793
null	2	3	A	dispatch_guard	2	3159.205801784992
null	2	3	A	dispatch_guard	3	3149.885218590498
null	2	3	A	dispatch_guard	4	3104.806412011385
null	3	0	B	status	0	54.337469628080726
null	3	0	B	status	1	56.87471013516188
null	3	0	B	status	2	55.18837017007172
null	3	0	B	status	3	56.29878956824541
null	3	0	B	status	4	55.795760126784444
null	3	0	B	converter_exact	0	65.46677905134857
null	3	0	B	converter_exact	1	63.826300902292125
null	3	0	B	converter_exact	2	66.0546706058085
null	3	0	B	converter_exact	3	64.35144925490022
null	3	0	B	converter_exact	4	68.63652030006051
null	3	0	B	converter_mro	0	114.80581946671009
null	3	0	B	converter_mro	1	114.04784978367388
null	3	0	B	converter_mro	2	116.64291028864682
null	3	0	B	converter_mro	3	117.38306027837098
null	3	0	B	converter_mro	4	116.07156018726528
null	3	0	B	exception_exact	0	92.93086011894047
null	3	0	B	exception_exact	1	96.20750090107322
null	3	0	B	exception_exact	2	92.0966500416398
null	3	0	B	exception_exact	3	100.18380009569228
null	3	0	B	exception_exact	4	90.11866059154272
null	3	0	B	exception_mro	0	140.1531498413533
null	3	0	B	exception_mro	1	141.4383004885167
null	3	0	B	exception_mro	2	141.74123061820865
null	3	0	B	exception_mro	3	142.85084907896817
null	3	0	B	exception_mro	4	150.40353988297284
null	3	0	B	exception_default	0	74.4419393595308
null	3	0	B	exception_default	1	73.61577008850873
null	3	0	B	exception_default	2	74.22939059324563
null	3	0	B	exception_default	3	75.04208013415337
null	3	0	B	exception_default	4	74.36703075654805
null	3	0	B	dispatch_normal	0	1786.3962100818753
null	3	0	B	dispatch_normal	1	1749.6571876108646
null	3	0	B	dispatch_normal	2	1823.5964002087712
null	3	0	B	dispatch_normal	3	1813.7553939595819
null	3	0	B	dispatch_normal	4	1811.8944019079208
null	3	0	B	dispatch_404	0	2204.540208913386
null	3	0	B	dispatch_404	1	2190.2611944824457
null	3	0	B	dispatch_404	2	2191.85259193182
null	3	0	B	dispatch_404	3	2199.337794445455
null	3	0	B	dispatch_404	4	2215.8761974424124
null	3	0	B	dispatch_exception	0	4597.309418022633
null	3	0	B	dispatch_exception	1	3503.871592693031
null	3	0	B	dispatch_exception	2	3123.6045993864536
null	3	0	B	dispatch_exception	3	3116.988204419613
null	3	0	B	dispatch_exception	4	2995.860786177218
null	3	0	B	dispatch_default	0	6033.365614712238
null	3	0	B	dispatch_default	1	4457.602184265852
null	3	0	B	dispatch_default	2	4417.616198770702
null	3	0	B	dispatch_default	3	4478.473402559757
null	3	0	B	dispatch_default	4	4425.275791436434
null	3	0	B	dispatch_guard	0	3108.1048073247075
null	3	0	B	dispatch_guard	1	3173.1462106108665
null	3	0	B	dispatch_guard	2	3129.494795575738
null	3	0	B	dispatch_guard	3	3969.988995231688
null	3	0	B	dispatch_guard	4	3644.5413948968053
null	3	1	A	status	0	55.7802792172879
null	3	1	A	status	1	59.10910083912313
null	3	1	A	status	2	55.95830036327243
null	3	1	A	status	3	59.46376011706889
null	3	1	A	status	4	55.981449550017715
null	3	1	A	converter_exact	0	66.0533201880753
null	3	1	A	converter_exact	1	64.60834061726928
null	3	1	A	converter_exact	2	64.36683004721999
null	3	1	A	converter_exact	3	64.26181993447244
null	3	1	A	converter_exact	4	63.61073930747808
null	3	1	A	converter_mro	0	117.34951054677367
null	3	1	A	converter_mro	1	116.56037997454405
null	3	1	A	converter_mro	2	113.51872934028506
null	3	1	A	converter_mro	3	113.98190981708467
null	3	1	A	converter_mro	4	138.4902698919177
null	3	1	A	exception_exact	0	97.47749078087509
null	3	1	A	exception_exact	1	94.50513054616749
null	3	1	A	exception_exact	2	92.22356951795518
null	3	1	A	exception_exact	3	92.83411898650229
null	3	1	A	exception_exact	4	90.7933700364083
null	3	1	A	exception_mro	0	143.78880034200847
null	3	1	A	exception_mro	1	145.0320496223867
null	3	1	A	exception_mro	2	147.47880049981177
null	3	1	A	exception_mro	3	150.44708969071507
null	3	1	A	exception_mro	4	141.915800049901
null	3	1	A	exception_default	0	74.2565596010536
null	3	1	A	exception_default	1	74.13967046886683
null	3	1	A	exception_default	2	76.7479301430285
null	3	1	A	exception_default	3	79.33786022476852
null	3	1	A	exception_default	4	77.16821972280741
null	3	1	A	dispatch_normal	0	1851.878804154694
null	3	1	A	dispatch_normal	1	1878.3117877319455
null	3	1	A	dispatch_normal	2	1970.1763987541196
null	3	1	A	dispatch_normal	3	1811.3654106855392
null	3	1	A	dispatch_normal	4	1796.0908124223351
null	3	1	A	dispatch_404	0	2182.625001296401
null	3	1	A	dispatch_404	1	2181.8666020408273
null	3	1	A	dispatch_404	2	2211.591391824186
null	3	1	A	dispatch_404	3	2215.33440053463
null	3	1	A	dispatch_404	4	2256.219810806215
null	3	1	A	dispatch_exception	0	3913.7612096965313
null	3	1	A	dispatch_exception	1	4608.870996162295
null	3	1	A	dispatch_exception	2	3306.4950024709105
null	3	1	A	dispatch_exception	3	3132.535587064922
null	3	1	A	dispatch_exception	4	2999.067399650812
null	3	1	A	dispatch_default	0	6228.360394015908
null	3	1	A	dispatch_default	1	4635.834787040949
null	3	1	A	dispatch_default	2	4342.666012234986
null	3	1	A	dispatch_default	3	4287.596186622977
null	3	1	A	dispatch_default	4	4318.240797147155
null	3	1	A	dispatch_guard	0	3200.3327971324325
null	3	1	A	dispatch_guard	1	3083.0431962385774
null	3	1	A	dispatch_guard	2	3101.4541862532496
null	3	1	A	dispatch_guard	3	3089.1970032826066
null	3	1	A	dispatch_guard	4	3091.5393959730864
null	3	2	A	status	0	55.63309066928923
null	3	2	A	status	1	57.52091994509101
null	3	2	A	status	2	55.91432913206518
null	3	2	A	status	3	57.372190058231354
null	3	2	A	status	4	56.44378950819373
null	3	2	A	converter_exact	0	68.55187937617302
null	3	2	A	converter_exact	1	65.1581003330648
null	3	2	A	converter_exact	2	67.80468043871224
null	3	2	A	converter_exact	3	65.67144999280572
null	3	2	A	converter_exact	4	100.40251072496176
null	3	2	A	converter_mro	0	129.73855016753078
null	3	2	A	converter_mro	1	115.49570946954191
null	3	2	A	converter_mro	2	119.84191020019352
null	3	2	A	converter_mro	3	114.99246000312269
null	3	2	A	converter_mro	4	115.47305970452726
null	3	2	A	exception_exact	0	91.35196916759014
null	3	2	A	exception_exact	1	90.4845295008272
null	3	2	A	exception_exact	2	91.49644989520311
null	3	2	A	exception_exact	3	92.67762070521712
null	3	2	A	exception_exact	4	90.26387007907033
null	3	2	A	exception_mro	0	145.26396989822388
null	3	2	A	exception_mro	1	147.99546916037798
null	3	2	A	exception_mro	2	144.60621983744204
null	3	2	A	exception_mro	3	142.62278098613024
null	3	2	A	exception_mro	4	143.08495912700891
null	3	2	A	exception_default	0	76.52493077330291
null	3	2	A	exception_default	1	78.79782002419233
null	3	2	A	exception_default	2	74.67807037755847
null	3	2	A	exception_default	3	76.71591010876
null	3	2	A	exception_default	4	75.87946020066738
null	3	2	A	dispatch_normal	0	2165.6365832313895
null	3	2	A	dispatch_normal	1	1913.7353869155047
null	3	2	A	dispatch_normal	2	1833.6249981075525
null	3	2	A	dispatch_normal	3	1861.1993873491883
null	3	2	A	dispatch_normal	4	1814.3089953809977
null	3	2	A	dispatch_404	0	2237.4241845682263
null	3	2	A	dispatch_404	1	2328.1122092157602
null	3	2	A	dispatch_404	2	2292.007999494672
null	3	2	A	dispatch_404	3	2195.470198057592
null	3	2	A	dispatch_404	4	2200.702205300331
null	3	2	A	dispatch_exception	0	3931.2666049227114
null	3	2	A	dispatch_exception	1	3711.037407629192
null	3	2	A	dispatch_exception	2	3228.9315946400166
null	3	2	A	dispatch_exception	3	3046.1607966572046
null	3	2	A	dispatch_exception	4	2953.7262162193656
null	3	2	A	dispatch_default	0	4587.044194340706
null	3	2	A	dispatch_default	1	4368.537594564259
null	3	2	A	dispatch_default	2	4620.643006637692
null	3	2	A	dispatch_default	3	4536.445392295718
null	3	2	A	dispatch_default	4	4447.706998325884
null	3	2	A	dispatch_guard	0	3145.607002079487
null	3	2	A	dispatch_guard	1	3172.1209874376655
null	3	2	A	dispatch_guard	2	3331.55719563365
null	3	2	A	dispatch_guard	3	4057.959793135524
null	3	2	A	dispatch_guard	4	5484.157614409924
null	3	3	B	status	0	63.46314912661911
null	3	3	B	status	1	55.81783945672214
null	3	3	B	status	2	57.46965995058417
null	3	3	B	status	3	54.886320140212774
null	3	3	B	status	4	55.262750247493386
null	3	3	B	converter_exact	0	64.60516946390271
null	3	3	B	converter_exact	1	63.932420453056686
null	3	3	B	converter_exact	2	64.17358992621303
null	3	3	B	converter_exact	3	66.6312500834465
null	3	3	B	converter_exact	4	64.34266921132803
null	3	3	B	converter_mro	0	117.00514005497098
null	3	3	B	converter_mro	1	118.2733301538974
null	3	3	B	converter_mro	2	120.30318030156195
null	3	3	B	converter_mro	3	115.6556699424982
null	3	3	B	converter_mro	4	115.53898104466498
null	3	3	B	exception_exact	0	93.83128955960274
null	3	3	B	exception_exact	1	92.14294026605785
null	3	3	B	exception_exact	2	92.48443995602429
null	3	3	B	exception_exact	3	93.37137104012072
null	3	3	B	exception_exact	4	91.19788999669254
null	3	3	B	exception_mro	0	146.69576077722013
null	3	3	B	exception_mro	1	147.42039027623832
null	3	3	B	exception_mro	2	143.30060104839504
null	3	3	B	exception_mro	3	143.75895028933883
null	3	3	B	exception_mro	4	143.63063033670187
null	3	3	B	exception_default	0	80.54397068917751
null	3	3	B	exception_default	1	76.71010913327336
null	3	3	B	exception_default	2	76.47590013220906
null	3	3	B	exception_default	3	76.11033972352743
null	3	3	B	exception_default	4	76.77280926145613
null	3	3	B	dispatch_normal	0	1996.5247949585319
null	3	3	B	dispatch_normal	1	2074.2221968248487
null	3	3	B	dispatch_normal	2	2132.5308131054044
null	3	3	B	dispatch_normal	3	2456.664410419762
null	3	3	B	dispatch_normal	4	2322.5174052640796
null	3	3	B	dispatch_404	0	2517.661009915173
null	3	3	B	dispatch_404	1	2264.6537981927395
null	3	3	B	dispatch_404	2	2228.007186204195
null	3	3	B	dispatch_404	3	2386.585413478315
null	3	3	B	dispatch_404	4	2257.8250151127577
null	3	3	B	dispatch_exception	0	4388.569807633758
null	3	3	B	dispatch_exception	1	3567.791194655001
null	3	3	B	dispatch_exception	2	3593.393391929567
null	3	3	B	dispatch_exception	3	3685.767389833927
null	3	3	B	dispatch_exception	4	3417.949192225933
null	3	3	B	dispatch_default	0	6334.595801308751
null	3	3	B	dispatch_default	1	4708.964820019901
null	3	3	B	dispatch_default	2	4745.238600298762
null	3	3	B	dispatch_default	3	4671.97538819164
null	3	3	B	dispatch_default	4	4539.18781131506
null	3	3	B	dispatch_guard	0	4028.9336116984487
null	3	3	B	dispatch_guard	1	3773.2169963419437
null	3	3	B	dispatch_guard	2	3171.6511817649007
null	3	3	B	dispatch_guard	3	3122.971998527646
null	3	3	B	dispatch_guard	4	3173.7290089949965
null	4	0	A	status	0	54.65169087983668
null	4	0	A	status	1	56.362230097875
null	4	0	A	status	2	56.01736018434167
null	4	0	A	status	3	56.282450677827
null	4	0	A	status	4	57.93606978841126
null	4	0	A	converter_exact	0	64.80050040408969
null	4	0	A	converter_exact	1	68.24070937000215
null	4	0	A	converter_exact	2	64.74631954915822
null	4	0	A	converter_exact	3	64.81932941824198
null	4	0	A	converter_exact	4	64.96107089333236
null	4	0	A	converter_mro	0	117.06906952895224
null	4	0	A	converter_mro	1	116.39381991699338
null	4	0	A	converter_mro	2	117.3302298411727
null	4	0	A	converter_mro	3	116.72504944726825
null	4	0	A	converter_mro	4	123.60733933746816
null	4	0	A	exception_exact	0	88.78820925019681
null	4	0	A	exception_exact	1	131.72848033718765
null	4	0	A	exception_exact	2	109.6008694730699
null	4	0	A	exception_exact	3	91.49560006335378
null	4	0	A	exception_exact	4	91.74105012789369
null	4	0	A	exception_mro	0	142.2958995681256
null	4	0	A	exception_mro	1	144.31849936954677
null	4	0	A	exception_mro	2	142.5570505671203
null	4	0	A	exception_mro	3	144.21003055758774
null	4	0	A	exception_mro	4	145.096619380638
null	4	0	A	exception_default	0	75.1016300637275
null	4	0	A	exception_default	1	78.88293010182679
null	4	0	A	exception_default	2	74.83804947696626
null	4	0	A	exception_default	3	76.02039957419038
null	4	0	A	exception_default	4	74.1108600050211
null	4	0	A	dispatch_normal	0	1828.8284074515104
null	4	0	A	dispatch_normal	1	1917.9658032953737
null	4	0	A	dispatch_normal	2	1866.6045973077416
null	4	0	A	dispatch_normal	3	1853.2183952629566
null	4	0	A	dispatch_normal	4	2015.065192244947
null	4	0	A	dispatch_404	0	2183.20619314909
null	4	0	A	dispatch_404	1	2213.9567881822586
null	4	0	A	dispatch_404	2	2200.854988768697
null	4	0	A	dispatch_404	3	2193.992817774415
null	4	0	A	dispatch_404	4	2340.2517894282937
null	4	0	A	dispatch_exception	0	3866.62979144603
null	4	0	A	dispatch_exception	1	3221.367602236569
null	4	0	A	dispatch_exception	2	3203.870006836951
null	4	0	A	dispatch_exception	3	3083.8395934551954
null	4	0	A	dispatch_exception	4	3352.594608440995
null	4	0	A	dispatch_default	0	4589.074803516269
null	4	0	A	dispatch_default	1	4406.226798892021
null	4	0	A	dispatch_default	2	4398.21919426322
null	4	0	A	dispatch_default	3	4417.503206059337
null	4	0	A	dispatch_default	4	4508.625785820186
null	4	0	A	dispatch_guard	0	3239.541780203581
null	4	0	A	dispatch_guard	1	3145.3008065000176
null	4	0	A	dispatch_guard	2	3222.2860027104616
null	4	0	A	dispatch_guard	3	3124.483791179955
null	4	0	A	dispatch_guard	4	3099.057194776833
null	4	1	B	status	0	66.26558024436235
null	4	1	B	status	1	55.34939933568239
null	4	1	B	status	2	58.72839014045894
null	4	1	B	status	3	57.6142396312207
null	4	1	B	status	4	56.02156976237893
null	4	1	B	converter_exact	0	65.1320198085159
null	4	1	B	converter_exact	1	65.00934949144721
null	4	1	B	converter_exact	2	73.19933967664838
null	4	1	B	converter_exact	3	101.90475964918733
null	4	1	B	converter_exact	4	76.64817036129534
null	4	1	B	converter_mro	0	122.65382101759313
null	4	1	B	converter_mro	1	121.20019993744789
null	4	1	B	converter_mro	2	122.15533992275596
null	4	1	B	converter_mro	3	124.81010053306818
null	4	1	B	converter_mro	4	119.15024952031672
null	4	1	B	exception_exact	0	91.82377951219678
null	4	1	B	exception_exact	1	97.02916024252772
null	4	1	B	exception_exact	2	92.45415916666389
null	4	1	B	exception_exact	3	149.28516000509262
null	4	1	B	exception_exact	4	149.6728602796793
null	4	1	B	exception_mro	0	148.5716295428574
null	4	1	B	exception_mro	1	142.35439943149686
null	4	1	B	exception_mro	2	210.35738987848163
null	4	1	B	exception_mro	3	145.9261099807918
null	4	1	B	exception_mro	4	142.81598036177456
null	4	1	B	exception_default	0	75.08098031394184
null	4	1	B	exception_default	1	74.80455096811056
null	4	1	B	exception_default	2	75.08037029765546
null	4	1	B	exception_default	3	76.1469907592982
null	4	1	B	exception_default	4	75.79589961096644
null	4	1	B	dispatch_normal	0	1804.569410160184
null	4	1	B	dispatch_normal	1	1818.915386684239
null	4	1	B	dispatch_normal	2	1808.2974012941122
null	4	1	B	dispatch_normal	3	1815.433194860816
null	4	1	B	dispatch_normal	4	1833.5371976718307
null	4	1	B	dispatch_404	0	2213.3992053568363
null	4	1	B	dispatch_404	1	2237.4311927706003
null	4	1	B	dispatch_404	2	2192.5006061792374
null	4	1	B	dispatch_404	3	2200.872008688748
null	4	1	B	dispatch_404	4	2210.0082132965326
null	4	1	B	dispatch_exception	0	3988.598589785397
null	4	1	B	dispatch_exception	1	4040.808393619954
null	4	1	B	dispatch_exception	2	3215.9922178834677
null	4	1	B	dispatch_exception	3	2971.550007350743
null	4	1	B	dispatch_exception	4	3186.4990014582872
null	4	1	B	dispatch_default	0	4605.964804068208
null	4	1	B	dispatch_default	1	5751.763586886227
null	4	1	B	dispatch_default	2	4391.969810239971
null	4	1	B	dispatch_default	3	4362.200410105288
null	4	1	B	dispatch_default	4	4311.761795543134
null	4	1	B	dispatch_guard	0	3162.2092006728053
null	4	1	B	dispatch_guard	1	4182.396782562137
null	4	1	B	dispatch_guard	2	3097.152803093195
null	4	1	B	dispatch_guard	3	3149.914601817727
null	4	1	B	dispatch_guard	4	3550.430596806109
null	4	2	B	status	0	56.83243041858077
null	4	2	B	status	1	55.85614941082895
null	4	2	B	status	2	57.10929981432855
null	4	2	B	status	3	58.1092806532979
null	4	2	B	status	4	57.5137697160244
null	4	2	B	converter_exact	0	68.06647987104952
null	4	2	B	converter_exact	1	62.799610896036036
null	4	2	B	converter_exact	2	64.68588020652533
null	4	2	B	converter_exact	3	66.59121951088309
null	4	2	B	converter_exact	4	67.03755003400147
null	4	2	B	converter_mro	0	116.14029062911868
null	4	2	B	converter_mro	1	116.22068006545305
null	4	2	B	converter_mro	2	116.03659950196743
null	4	2	B	converter_mro	3	113.20738005451858
null	4	2	B	converter_mro	4	115.95646035857499
null	4	2	B	exception_exact	0	89.41306034103036
null	4	2	B	exception_exact	1	90.61906021088362
null	4	2	B	exception_exact	2	100.33517959527671
null	4	2	B	exception_exact	3	120.3392492607236
null	4	2	B	exception_exact	4	91.18041954934597
null	4	2	B	exception_mro	0	142.61374017223716
null	4	2	B	exception_mro	1	141.95377938449383
null	4	2	B	exception_mro	2	146.45146089605987
null	4	2	B	exception_mro	3	144.9833100195974
null	4	2	B	exception_mro	4	139.97289002873003
null	4	2	B	exception_default	0	75.74664079584181
null	4	2	B	exception_default	1	76.294339960441
null	4	2	B	exception_default	2	75.65818028524518
null	4	2	B	exception_default	3	75.25605033151805
null	4	2	B	exception_default	4	76.51212043128908
null	4	2	B	dispatch_normal	0	1799.5016183704138
null	4	2	B	dispatch_normal	1	1781.8270018324256
null	4	2	B	dispatch_normal	2	1829.31839954108
null	4	2	B	dispatch_normal	3	1836.0966118052602
null	4	2	B	dispatch_normal	4	1812.8842115402222
null	4	2	B	dispatch_404	0	2188.0015963688493
null	4	2	B	dispatch_404	1	2288.0012169480324
null	4	2	B	dispatch_404	2	2264.342410489917
null	4	2	B	dispatch_404	3	2180.0796035677195
null	4	2	B	dispatch_404	4	2236.807206645608
null	4	2	B	dispatch_exception	0	3983.641811646521
null	4	2	B	dispatch_exception	1	3249.082015827298
null	4	2	B	dispatch_exception	2	3140.4299894347787
null	4	2	B	dispatch_exception	3	3055.144613608718
null	4	2	B	dispatch_exception	4	3059.124993160367
null	4	2	B	dispatch_default	0	4585.714195854962
null	4	2	B	dispatch_default	1	4407.9178012907505
null	4	2	B	dispatch_default	2	4400.660190731287
null	4	2	B	dispatch_default	3	4412.624798715115
null	4	2	B	dispatch_default	4	6795.131997205317
null	4	2	B	dispatch_guard	0	3136.3171990960836
null	4	2	B	dispatch_guard	1	3073.670598678291
null	4	2	B	dispatch_guard	2	3119.439398869872
null	4	2	B	dispatch_guard	3	3153.225011192262
null	4	2	B	dispatch_guard	4	4440.486989915371
null	4	3	A	status	0	57.41831031627953
null	4	3	A	status	1	88.6853807605803
null	4	3	A	status	2	89.62530991993845
null	4	3	A	status	3	55.44377025216818
null	4	3	A	status	4	54.745100205764174
null	4	3	A	converter_exact	0	64.26120991818607
null	4	3	A	converter_exact	1	63.48700961098074
null	4	3	A	converter_exact	2	63.93090006895363
null	4	3	A	converter_exact	3	63.53987962938845
null	4	3	A	converter_exact	4	63.584679737687104
null	4	3	A	converter_mro	0	113.5559007525444
null	4	3	A	converter_mro	1	113.48588042892516
null	4	3	A	converter_mro	2	114.52779988758266
null	4	3	A	converter_mro	3	113.49515989422798
null	4	3	A	converter_mro	4	119.31137065403163
null	4	3	A	exception_exact	0	93.11213972978294
null	4	3	A	exception_exact	1	105.3286693058908
null	4	3	A	exception_exact	2	96.2745794095099
null	4	3	A	exception_exact	3	98.30531082116067
null	4	3	A	exception_exact	4	93.6222996097058
null	4	3	A	exception_mro	0	142.0363807119429
null	4	3	A	exception_mro	1	142.50629930756986
null	4	3	A	exception_mro	2	143.78802035935223
null	4	3	A	exception_mro	3	145.74969070963562
null	4	3	A	exception_mro	4	145.94258042052388
null	4	3	A	exception_default	0	87.65072096139193
null	4	3	A	exception_default	1	84.53850983642042
null	4	3	A	exception_default	2	83.42982968315482
null	4	3	A	exception_default	3	81.3559303060174
null	4	3	A	exception_default	4	84.51689966022968
null	4	3	A	dispatch_normal	0	1810.1628171280026
null	4	3	A	dispatch_normal	1	1976.6089972108603
null	4	3	A	dispatch_normal	2	1813.883613795042
null	4	3	A	dispatch_normal	3	1979.8863912001252
null	4	3	A	dispatch_normal	4	1817.0207971706986
null	4	3	A	dispatch_404	0	2355.9079971164465
null	4	3	A	dispatch_404	1	2232.424193061888
null	4	3	A	dispatch_404	2	2188.629796728492
null	4	3	A	dispatch_404	3	2276.8842056393623
null	4	3	A	dispatch_404	4	2206.1511874198914
null	4	3	A	dispatch_exception	0	4134.5448000356555
null	4	3	A	dispatch_exception	1	3286.003600805998
null	4	3	A	dispatch_exception	2	3146.7343913391232
null	4	3	A	dispatch_exception	3	3078.958997502923
null	4	3	A	dispatch_exception	4	2907.893597148359
null	4	3	A	dispatch_default	0	6536.587793380022
null	4	3	A	dispatch_default	1	4413.146805018187
null	4	3	A	dispatch_default	2	4447.0376102253795
null	4	3	A	dispatch_default	3	5780.146014876664
null	4	3	A	dispatch_default	4	4809.332988224924
null	4	3	A	dispatch_guard	0	3113.4583987295628
null	4	3	A	dispatch_guard	1	3045.5171829089522
null	4	3	A	dispatch_guard	2	3109.5344107598066
null	4	3	A	dispatch_guard	3	3145.3846022486687
null	4	3	A	dispatch_guard	4	3111.0386131331325
null	5	0	B	status	0	63.36302962154149
null	5	0	B	status	1	58.15957090817392
null	5	0	B	status	2	61.357569647952914
null	5	0	B	status	3	57.219499722123146
null	5	0	B	status	4	59.92873921059072
null	5	0	B	converter_exact	0	65.66634052433074
null	5	0	B	converter_exact	1	74.06032062135637
null	5	0	B	converter_exact	2	65.36021013744175
null	5	0	B	converter_exact	3	64.1785899642855
null	5	0	B	converter_exact	4	63.90328984707594
null	5	0	B	converter_mro	0	117.98741994425654
null	5	0	B	converter_mro	1	120.3107100445777
null	5	0	B	converter_mro	2	118.64406056702137
null	5	0	B	converter_mro	3	120.3979493584484
null	5	0	B	converter_mro	4	117.57352040149271
null	5	0	B	exception_exact	0	93.40969030745327
null	5	0	B	exception_exact	1	96.06716106645763
null	5	0	B	exception_exact	2	91.46737982518971
null	5	0	B	exception_exact	3	94.26308097317815
null	5	0	B	exception_exact	4	92.99286990426481
null	5	0	B	exception_mro	0	144.3923299666494
null	5	0	B	exception_mro	1	145.78302041627467
null	5	0	B	exception_mro	2	145.5998804885894
null	5	0	B	exception_mro	3	144.42048035562038
null	5	0	B	exception_mro	4	144.50564049184322
null	5	0	B	exception_default	0	78.224609605968
null	5	0	B	exception_default	1	76.09029999002814
null	5	0	B	exception_default	2	78.23239080607891
null	5	0	B	exception_default	3	77.07578013651073
null	5	0	B	exception_default	4	79.00739088654518
null	5	0	B	dispatch_normal	0	1859.391201287508
null	5	0	B	dispatch_normal	1	1836.6164062172174
null	5	0	B	dispatch_normal	2	1883.6474046111107
null	5	0	B	dispatch_normal	3	2036.9933918118477
null	5	0	B	dispatch_normal	4	1886.8537852540612
null	5	0	B	dispatch_404	0	2212.3190108686686
null	5	0	B	dispatch_404	1	2224.557986482978
null	5	0	B	dispatch_404	2	2189.693204127252
null	5	0	B	dispatch_404	3	2257.577399723232
null	5	0	B	dispatch_404	4	2261.766418814659
null	5	0	B	dispatch_exception	0	4050.4531934857364
null	5	0	B	dispatch_exception	1	3269.873606041074
null	5	0	B	dispatch_exception	2	3186.8871999904513
null	5	0	B	dispatch_exception	3	3075.0602018088102
null	5	0	B	dispatch_exception	4	4807.7459912747145
null	5	0	B	dispatch_default	0	4631.740786135197
null	5	0	B	dispatch_default	1	4326.923820190132
null	5	0	B	dispatch_default	2	4548.444808460772
null	5	0	B	dispatch_default	3	4649.229813367128
null	5	0	B	dispatch_default	4	4937.309795059264
null	5	0	B	dispatch_guard	0	3159.7297871485353
null	5	0	B	dispatch_guard	1	3155.231010168791
null	5	0	B	dispatch_guard	2	3115.0083988904953
null	5	0	B	dispatch_guard	3	3113.957610912621
null	5	0	B	dispatch_guard	4	3088.822402060032
null	5	1	A	status	0	56.84092058800161
null	5	1	A	status	1	56.01909011602402
null	5	1	A	status	2	56.115250336006284
null	5	1	A	status	3	54.762010695412755
null	5	1	A	status	4	57.001879904419184
null	5	1	A	converter_exact	0	63.194569665938616
null	5	1	A	converter_exact	1	64.60906006395817
null	5	1	A	converter_exact	2	64.49109991081059
null	5	1	A	converter_exact	3	64.72936016507447
null	5	1	A	converter_exact	4	64.52722009271383
null	5	1	A	converter_mro	0	126.72308017499745
null	5	1	A	converter_mro	1	127.39715981297196
null	5	1	A	converter_mro	2	129.38939034938812
null	5	1	A	converter_mro	3	128.88461933471262
null	5	1	A	converter_mro	4	126.8312497995794
null	5	1	A	exception_exact	0	92.15254918672144
null	5	1	A	exception_exact	1	91.53783088549972
null	5	1	A	exception_exact	2	90.69900028407574
null	5	1	A	exception_exact	3	91.50256984867156
null	5	1	A	exception_exact	4	91.34575957432389
null	5	1	A	exception_mro	0	141.41289982944727
null	5	1	A	exception_mro	1	142.2111305873841
null	5	1	A	exception_mro	2	146.45511051639915
null	5	1	A	exception_mro	3	142.25154998712242
null	5	1	A	exception_mro	4	145.69118968211114
null	5	1	A	exception_default	0	75.42235078290105
null	5	1	A	exception_default	1	78.6703301128
null	5	1	A	exception_default	2	78.12792086042464
null	5	1	A	exception_default	3	75.1591706648469
null	5	1	A	exception_default	4	76.9524893257767
null	5	1	A	dispatch_normal	0	1772.2788034006953
null	5	1	A	dispatch_normal	1	1991.3581898435953
null	5	1	A	dispatch_normal	2	1835.986995138228
null	5	1	A	dispatch_normal	3	1905.5098062381148
null	5	1	A	dispatch_normal	4	1917.1509891748428
null	5	1	A	dispatch_404	0	3333.263797685504
null	5	1	A	dispatch_404	1	2528.9607932791114
null	5	1	A	dispatch_404	2	2227.0453860983253
null	5	1	A	dispatch_404	3	2236.341405659914
null	5	1	A	dispatch_404	4	2222.3125910386443
null	5	1	A	dispatch_exception	0	4034.2540014535193
null	5	1	A	dispatch_exception	1	3278.1346002593637
null	5	1	A	dispatch_exception	2	3212.017402984202
null	5	1	A	dispatch_exception	3	3004.5727966353297
null	5	1	A	dispatch_exception	4	2941.4091957733035
null	5	1	A	dispatch_default	0	4556.585592217743
null	5	1	A	dispatch_default	1	4327.699798159301
null	5	1	A	dispatch_default	2	4338.832409121096
null	5	1	A	dispatch_default	3	4380.694986321032
null	5	1	A	dispatch_default	4	4361.3663874566555
null	5	1	A	dispatch_guard	0	3205.6345837190747
null	5	1	A	dispatch_guard	1	3229.4137869030237
null	5	1	A	dispatch_guard	2	3284.01499427855
null	5	1	A	dispatch_guard	3	3176.1338002979755
null	5	1	A	dispatch_guard	4	3199.166595004499
null	5	2	A	status	0	54.62008994072676
null	5	2	A	status	1	57.34284990467131
null	5	2	A	status	2	55.44031038880348
null	5	2	A	status	3	55.097759468480945
null	5	2	A	status	4	56.867499370127916
null	5	2	A	converter_exact	0	63.82230087183415
null	5	2	A	converter_exact	1	64.7056894376874
null	5	2	A	converter_exact	2	64.64453996159136
null	5	2	A	converter_exact	3	64.73890040069818
null	5	2	A	converter_exact	4	66.66878005489707
null	5	2	A	converter_mro	0	119.36777969822288
null	5	2	A	converter_mro	1	115.05529982969165
null	5	2	A	converter_mro	2	115.99945020861924
null	5	2	A	converter_mro	3	122.75510001927614
null	5	2	A	converter_mro	4	115.40289968252182
null	5	2	A	exception_exact	0	93.03351049311459
null	5	2	A	exception_exact	1	92.19261002726853
null	5	2	A	exception_exact	2	92.03810011968017
null	5	2	A	exception_exact	3	95.58569989167154
null	5	2	A	exception_exact	4	96.91356914117932
null	5	2	A	exception_mro	0	142.9473899770528
null	5	2	A	exception_mro	1	151.25661971978843
null	5	2	A	exception_mro	2	144.0400001592934
null	5	2	A	exception_mro	3	143.74076039530337
null	5	2	A	exception_mro	4	144.22248001210392
null	5	2	A	exception_default	0	75.23011066950858
null	5	2	A	exception_default	1	76.20472926646471
null	5	2	A	exception_default	2	76.43494987860322
null	5	2	A	exception_default	3	98.80767087452114
null	5	2	A	exception_default	4	124.95787930674852
null	5	2	A	dispatch_normal	0	1839.0401965007186
null	5	2	A	dispatch_normal	1	1817.240403033793
null	5	2	A	dispatch_normal	2	1854.9236003309488
null	5	2	A	dispatch_normal	3	1855.151611380279
null	5	2	A	dispatch_normal	4	1789.8374004289508
null	5	2	A	dispatch_404	0	2378.167421557009
null	5	2	A	dispatch_404	1	2368.929795920849
null	5	2	A	dispatch_404	2	2267.686021514237
null	5	2	A	dispatch_404	3	2206.2725853174925
null	5	2	A	dispatch_404	4	2212.224993854761
null	5	2	A	dispatch_exception	0	4393.923399038613
null	5	2	A	dispatch_exception	1	3254.7902083024383
null	5	2	A	dispatch_exception	2	3082.489804364741
null	5	2	A	dispatch_exception	3	3050.9063974022865
null	5	2	A	dispatch_exception	4	3012.10421603173
null	5	2	A	dispatch_default	0	4622.938600368798
null	5	2	A	dispatch_default	1	4565.500211901963
null	5	2	A	dispatch_default	2	4423.877806402743
null	5	2	A	dispatch_default	3	4465.5665988102555
null	5	2	A	dispatch_default	4	4584.136814810336
null	5	2	A	dispatch_guard	0	3171.636420302093
null	5	2	A	dispatch_guard	1	3146.110801026225
null	5	2	A	dispatch_guard	2	3134.1066118329763
null	5	2	A	dispatch_guard	3	3128.1420029699802
null	5	2	A	dispatch_guard	4	3157.2789885103703
null	5	3	B	status	0	54.9762393347919
null	5	3	B	status	1	57.1909302379936
null	5	3	B	status	2	91.87269024550915
null	5	3	B	status	3	85.77293949201703
null	5	3	B	status	4	54.8118504229933
null	5	3	B	converter_exact	0	63.69389942847192
null	5	3	B	converter_exact	1	67.13712005876005
null	5	3	B	converter_exact	2	64.99254028312862
null	5	3	B	converter_exact	3	64.64150035753846
null	5	3	B	converter_exact	4	64.99072071164846
null	5	3	B	converter_mro	0	118.33353899419308
null	5	3	B	converter_mro	1	118.06577094830573
null	5	3	B	converter_mro	2	116.41051969490945
null	5	3	B	converter_mro	3	116.91419058479369
null	5	3	B	converter_mro	4	116.03328050114214
null	5	3	B	exception_exact	0	90.56738927029073
null	5	3	B	exception_exact	1	147.83866005018353
null	5	3	B	exception_exact	2	109.5157500822097
null	5	3	B	exception_exact	3	95.36336991004646
null	5	3	B	exception_exact	4	90.43212980031967
null	5	3	B	exception_mro	0	145.42634948156774
null	5	3	B	exception_mro	1	143.4862904716283
null	5	3	B	exception_mro	2	145.23877063766122
null	5	3	B	exception_mro	3	143.08930025435984
null	5	3	B	exception_mro	4	144.92600923404098
null	5	3	B	exception_default	0	77.09105033427477
null	5	3	B	exception_default	1	80.23667964152992
null	5	3	B	exception_default	2	76.27486949786544
null	5	3	B	exception_default	3	80.00746020115912
null	5	3	B	exception_default	4	75.7174997124821
null	5	3	B	dispatch_normal	0	1859.6029840409756
null	5	3	B	dispatch_normal	1	1845.3045981004834
null	5	3	B	dispatch_normal	2	2292.6073987036943
null	5	3	B	dispatch_normal	3	2789.3823804333806
null	5	3	B	dispatch_normal	4	1853.5427981987596
null	5	3	B	dispatch_404	0	2368.7964072450995
null	5	3	B	dispatch_404	1	2296.082815155387
null	5	3	B	dispatch_404	2	2183.0838173627853
null	5	3	B	dispatch_404	3	2227.119798772037
null	5	3	B	dispatch_404	4	2239.0322061255574
null	5	3	B	dispatch_exception	0	3939.356585033238
null	5	3	B	dispatch_exception	1	3220.28121445328
null	5	3	B	dispatch_exception	2	3166.4487905800343
null	5	3	B	dispatch_exception	3	3200.2274179831147
null	5	3	B	dispatch_exception	4	2959.8816065117717
null	5	3	B	dispatch_default	0	4606.327996589243
null	5	3	B	dispatch_default	1	4428.886994719505
null	5	3	B	dispatch_default	2	4469.727398827672
null	5	3	B	dispatch_default	3	4486.222215928137
null	5	3	B	dispatch_default	4	4453.349602408707
null	5	3	B	dispatch_guard	0	5070.413392968476
null	5	3	B	dispatch_guard	1	3087.310609407723
null	5	3	B	dispatch_guard	2	3139.84218519181
null	5	3	B	dispatch_guard	3	3205.2582129836082
null	5	3	B	dispatch_guard	4	3129.4337939471006
real	0	0	A	status	0	56.257699616253376
real	0	0	A	status	1	64.45883074775338
real	0	0	A	status	2	69.61173960007727
real	0	0	A	status	3	58.3173893392086
real	0	0	A	status	4	60.27494091540575
real	0	0	A	converter_exact	0	65.70014986209571
real	0	0	A	converter_exact	1	66.09430070966482
real	0	0	A	converter_exact	2	63.865470001474016
real	0	0	A	converter_exact	3	66.5160792414099
real	0	0	A	converter_exact	4	65.39262016303837
real	0	0	A	converter_mro	0	115.19983992911875
real	0	0	A	converter_mro	1	113.9117800630629
real	0	0	A	converter_mro	2	116.07744032517076
real	0	0	A	converter_mro	3	114.29769918322563
real	0	0	A	converter_mro	4	117.56920954212546
real	0	0	A	exception_exact	0	142.36920978873968
real	0	0	A	exception_exact	1	138.56059056706727
real	0	0	A	exception_exact	2	139.14858922362328
real	0	0	A	exception_exact	3	138.79537000320852
real	0	0	A	exception_exact	4	205.78898955136538
real	0	0	A	exception_mro	0	147.02062006108463
real	0	0	A	exception_mro	1	148.0880205053836
real	0	0	A	exception_mro	2	148.8500600680709
real	0	0	A	exception_mro	3	147.76772004552186
real	0	0	A	exception_mro	4	149.6504305396229
real	0	0	A	exception_default	0	170.81902944482863
real	0	0	A	exception_default	1	171.05225939303637
real	0	0	A	exception_default	2	200.38568996824324
real	0	0	A	exception_default	3	207.79807004146278
real	0	0	A	exception_default	4	171.74727050587535
real	0	0	A	dispatch_normal	0	1845.3843891620636
real	0	0	A	dispatch_normal	1	1818.5977824032307
real	0	0	A	dispatch_normal	2	1854.763994924724
real	0	0	A	dispatch_normal	3	1908.2979997619984
real	0	0	A	dispatch_normal	4	1914.0877993777394
real	0	0	A	dispatch_404	0	2686.2661819905043
real	0	0	A	dispatch_404	1	2211.1103869974613
real	0	0	A	dispatch_404	2	2340.3769824653864
real	0	0	A	dispatch_404	3	2301.931590773165
real	0	0	A	dispatch_404	4	2311.7078002542257
real	0	0	A	dispatch_exception	0	5723.712197504938
real	0	0	A	dispatch_exception	1	4233.428603038192
real	0	0	A	dispatch_exception	2	4372.085398063064
real	0	0	A	dispatch_exception	3	3273.446182720363
real	0	0	A	dispatch_exception	4	3495.3705966472626
real	0	0	A	dispatch_default	0	9262.736211530864
real	0	0	A	dispatch_default	1	5106.75220284611
real	0	0	A	dispatch_default	2	4648.647783324122
real	0	0	A	dispatch_default	3	4684.585006907582
real	0	0	A	dispatch_default	4	4725.429997779429
real	0	0	A	dispatch_guard	0	4934.371006675065
real	0	0	A	dispatch_guard	1	4760.173219256103
real	0	0	A	dispatch_guard	2	4715.257789939642
real	0	0	A	dispatch_guard	3	4586.307797580957
real	0	0	A	dispatch_guard	4	4695.45959495008
real	0	1	B	status	0	58.79177013412118
real	0	1	B	status	1	74.97858954593539
real	0	1	B	status	2	90.96057037822902
real	0	1	B	status	3	67.11101974360645
real	0	1	B	status	4	56.132180616259575
real	0	1	B	converter_exact	0	64.27944987080991
real	0	1	B	converter_exact	1	63.498890958726406
real	0	1	B	converter_exact	2	65.11493003927171
real	0	1	B	converter_exact	3	63.93176969140768
real	0	1	B	converter_exact	4	63.56853991746903
real	0	1	B	converter_mro	0	131.67544035241008
real	0	1	B	converter_mro	1	128.9790601003915
real	0	1	B	converter_mro	2	188.10181063599885
real	0	1	B	converter_mro	3	142.47716055251658
real	0	1	B	converter_mro	4	119.45046018809079
real	0	1	B	exception_exact	0	92.43851993232965
real	0	1	B	exception_exact	1	96.70375962741673
real	0	1	B	exception_exact	2	96.98380017653108
real	0	1	B	exception_exact	3	95.33958043903112
real	0	1	B	exception_exact	4	94.4858300499618
real	0	1	B	exception_mro	0	151.214039651677
real	0	1	B	exception_mro	1	150.93117021024227
real	0	1	B	exception_mro	2	152.68541988916695
real	0	1	B	exception_mro	3	151.35101974010468
real	0	1	B	exception_mro	4	151.32144908420742
real	0	1	B	exception_default	0	78.42530962079763
real	0	1	B	exception_default	1	77.31381920166314
real	0	1	B	exception_default	2	75.22169034928083
real	0	1	B	exception_default	3	83.85275956243277
real	0	1	B	exception_default	4	74.96627978980541
real	0	1	B	dispatch_normal	0	1806.0047877952456
real	0	1	B	dispatch_normal	1	1936.9120011106133
real	0	1	B	dispatch_normal	2	1963.718794286251
real	0	1	B	dispatch_normal	3	1900.6719812750816
real	0	1	B	dispatch_normal	4	1923.8790031522512
real	0	1	B	dispatch_404	0	2265.3990192338824
real	0	1	B	dispatch_404	1	2315.236395224929
real	0	1	B	dispatch_404	2	2276.3200104236603
real	0	1	B	dispatch_404	3	2294.616587460041
real	0	1	B	dispatch_404	4	2297.164802439511
real	0	1	B	dispatch_exception	0	4159.680800512433
real	0	1	B	dispatch_exception	1	3358.20319596678
real	0	1	B	dispatch_exception	2	3311.4098012447357
real	0	1	B	dispatch_exception	3	3262.6406056806445
real	0	1	B	dispatch_exception	4	3164.641000330448
real	0	1	B	dispatch_default	0	4603.050812147558
real	0	1	B	dispatch_default	1	4528.340790420771
real	0	1	B	dispatch_default	2	4492.896399460733
real	0	1	B	dispatch_default	3	4424.8596066609025
real	0	1	B	dispatch_default	4	4545.38119956851
real	0	1	B	dispatch_guard	0	3092.5508122891188
real	0	1	B	dispatch_guard	1	3086.2777959555387
real	0	1	B	dispatch_guard	2	3071.9506088644266
real	0	1	B	dispatch_guard	3	3218.533401377499
real	0	1	B	dispatch_guard	4	3155.3401844576
real	0	2	B	status	0	55.397480027750134
real	0	2	B	status	1	55.38951023481786
real	0	2	B	status	2	55.705709382891655
real	0	2	B	status	3	62.321150908246636
real	0	2	B	status	4	54.828079883009195
real	0	2	B	converter_exact	0	67.80824973247945
real	0	2	B	converter_exact	1	63.97257908247411
real	0	2	B	converter_exact	2	64.67727944254875
real	0	2	B	converter_exact	3	63.53102973662317
real	0	2	B	converter_exact	4	62.80014058575035
real	0	2	B	converter_mro	0	118.03867993876338
real	0	2	B	converter_mro	1	116.71715998090804
real	0	2	B	converter_mro	2	118.00367967225611
real	0	2	B	converter_mro	3	117.10625956766307
real	0	2	B	converter_mro	4	120.82540080882609
real	0	2	B	exception_exact	0	96.6522702947259
real	0	2	B	exception_exact	1	92.59124984964728
real	0	2	B	exception_exact	2	91.9082888867706
real	0	2	B	exception_exact	3	90.26298997923732
real	0	2	B	exception_exact	4	90.88326012715697
real	0	2	B	exception_mro	0	142.59177958592772
real	0	2	B	exception_mro	1	209.8589192610234
real	0	2	B	exception_mro	2	146.9705393537879
real	0	2	B	exception_mro	3	143.84772977791727
real	0	2	B	exception_mro	4	150.2145396079868
real	0	2	B	exception_default	0	76.10237109474838
real	0	2	B	exception_default	1	77.22745998762548
real	0	2	B	exception_default	2	75.68313041701913
real	0	2	B	exception_default	3	77.63169007375836
real	0	2	B	exception_default	4	76.35257090441883
real	0	2	B	dispatch_normal	0	1803.6911962553859
real	0	2	B	dispatch_normal	1	1810.2538073435426
real	0	2	B	dispatch_normal	2	1836.0377987846732
real	0	2	B	dispatch_normal	3	2380.997408181429
real	0	2	B	dispatch_normal	4	2628.671587444842
real	0	2	B	dispatch_404	0	2238.366799429059
real	0	2	B	dispatch_404	1	2323.3661893755198
real	0	2	B	dispatch_404	2	2278.9333947002888
real	0	2	B	dispatch_404	3	2186.6027964279056
real	0	2	B	dispatch_404	4	3400.9085968136787
real	0	2	B	dispatch_exception	0	4022.8937985375524
real	0	2	B	dispatch_exception	1	3432.4336098507047
real	0	2	B	dispatch_exception	2	3181.549604050815
real	0	2	B	dispatch_exception	3	3083.1540003418922
real	0	2	B	dispatch_exception	4	4356.094799004495
real	0	2	B	dispatch_default	0	4914.317396469414
real	0	2	B	dispatch_default	1	4682.521382346749
real	0	2	B	dispatch_default	2	4690.315597690642
real	0	2	B	dispatch_default	3	5879.12960909307
real	0	2	B	dispatch_default	4	4578.351997770369
real	0	2	B	dispatch_guard	0	3151.8104020506144
real	0	2	B	dispatch_guard	1	3093.957807868719
real	0	2	B	dispatch_guard	2	3278.0472189188004
real	0	2	B	dispatch_guard	3	3106.3809990882874
real	0	2	B	dispatch_guard	4	3152.5186030194163
real	0	3	A	status	0	56.25633988529444
real	0	3	A	status	1	56.86420015990734
real	0	3	A	status	2	56.085060350596905
real	0	3	A	status	3	55.48928980715573
real	0	3	A	status	4	69.46548004634678
real	0	3	A	converter_exact	0	62.38350993953645
real	0	3	A	converter_exact	1	70.0539699755609
real	0	3	A	converter_exact	2	62.92814039625228
real	0	3	A	converter_exact	3	65.8722291700542
real	0	3	A	converter_exact	4	63.20654996670782
real	0	3	A	converter_mro	0	115.10401964187622
real	0	3	A	converter_mro	1	114.35460997745395
real	0	3	A	converter_mro	2	114.5902497228235
real	0	3	A	converter_mro	3	115.15329009853303
real	0	3	A	converter_mro	4	115.92269991524518
real	0	3	A	exception_exact	0	132.2343701031059
real	0	3	A	exception_exact	1	138.9673794619739
real	0	3	A	exception_exact	2	134.1584895271808
real	0	3	A	exception_exact	3	132.3768903966993
real	0	3	A	exception_exact	4	134.92900063283741
real	0	3	A	exception_mro	0	144.76650045253336
real	0	3	A	exception_mro	1	143.9017301890999
real	0	3	A	exception_mro	2	145.22167039103806
real	0	3	A	exception_mro	3	145.57705959305167
real	0	3	A	exception_mro	4	145.62990050762892
real	0	3	A	exception_default	0	175.82681961357594
real	0	3	A	exception_default	1	169.61858025752008
real	0	3	A	exception_default	2	172.13151906616986
real	0	3	A	exception_default	3	170.04560912027955
real	0	3	A	exception_default	4	172.01618058606982
real	0	3	A	dispatch_normal	0	1785.9769985079765
real	0	3	A	dispatch_normal	1	1837.9424000158906
real	0	3	A	dispatch_normal	2	1761.5069868043065
real	0	3	A	dispatch_normal	3	1889.5277986302972
real	0	3	A	dispatch_normal	4	1802.0563991740346
real	0	3	A	dispatch_404	0	2204.2430005967617
real	0	3	A	dispatch_404	1	2172.8150080889463
real	0	3	A	dispatch_404	2	2157.6075814664364
real	0	3	A	dispatch_404	3	2185.006788931787
real	0	3	A	dispatch_404	4	2269.3533916026354
real	0	3	A	dispatch_exception	0	3961.8018083274364
real	0	3	A	dispatch_exception	1	3971.0656041279435
real	0	3	A	dispatch_exception	2	3128.4902011975646
real	0	3	A	dispatch_exception	3	3024.156205356121
real	0	3	A	dispatch_exception	4	2920.9750005975366
real	0	3	A	dispatch_default	0	4590.918403118849
real	0	3	A	dispatch_default	1	4587.548598647118
real	0	3	A	dispatch_default	2	4554.374818690121
real	0	3	A	dispatch_default	3	6055.967602878809
real	0	3	A	dispatch_default	4	4381.9964164868
real	0	3	A	dispatch_guard	0	4668.119386769831
real	0	3	A	dispatch_guard	1	4581.467411480844
real	0	3	A	dispatch_guard	2	4748.028214089572
real	0	3	A	dispatch_guard	3	4677.600786089897
real	0	3	A	dispatch_guard	4	5041.97699483484
real	1	0	B	status	0	56.083439849317074
real	1	0	B	status	1	55.006250040605664
real	1	0	B	status	2	57.7108992729336
real	1	0	B	status	3	55.00201019458473
real	1	0	B	status	4	55.13853975571692
real	1	0	B	converter_exact	0	64.29822999052703
real	1	0	B	converter_exact	1	64.03097999282181
real	1	0	B	converter_exact	2	65.39945024996996
real	1	0	B	converter_exact	3	63.798109767958515
real	1	0	B	converter_exact	4	65.77388965524733
real	1	0	B	converter_mro	0	114.64357958175242
real	1	0	B	converter_mro	1	113.84582961909473
real	1	0	B	converter_mro	2	114.3447495996952
real	1	0	B	converter_mro	3	114.59285044111311
real	1	0	B	converter_mro	4	116.41917983070016
real	1	0	B	exception_exact	0	90.299469884485
real	1	0	B	exception_exact	1	92.09187002852559
real	1	0	B	exception_exact	2	94.58754095248878
real	1	0	B	exception_exact	3	129.48067975230515
real	1	0	B	exception_exact	4	112.55490011535585
real	1	0	B	exception_mro	0	141.1683892365545
real	1	0	B	exception_mro	1	143.77056038938463
real	1	0	B	exception_mro	2	139.72677988931537
real	1	0	B	exception_mro	3	140.3869199566543
real	1	0	B	exception_mro	4	139.58096969872713
real	1	0	B	exception_default	0	74.6993103530258
real	1	0	B	exception_default	1	77.38011074252427
real	1	0	B	exception_default	2	73.96601955406368
real	1	0	B	exception_default	3	85.62806062400341
real	1	0	B	exception_default	4	75.7964898366481
real	1	0	B	dispatch_normal	0	1805.5835971608758
real	1	0	B	dispatch_normal	1	1788.5681940242648
real	1	0	B	dispatch_normal	2	1829.999196343124
real	1	0	B	dispatch_normal	3	1837.2452119365335
real	1	0	B	dispatch_normal	4	1855.0602020695806
real	1	0	B	dispatch_404	0	2208.6060140281916
real	1	0	B	dispatch_404	1	2242.8086027503014
real	1	0	B	dispatch_404	2	2492.985804565251
real	1	0	B	dispatch_404	3	3142.1361956745386
real	1	0	B	dispatch_404	4	2230.646018870175
real	1	0	B	dispatch_exception	0	3893.20938847959
real	1	0	B	dispatch_exception	1	3194.963396526873
real	1	0	B	dispatch_exception	2	3557.0297855883837
real	1	0	B	dispatch_exception	3	3298.8758059218526
real	1	0	B	dispatch_exception	4	3478.0561923980713
real	1	0	B	dispatch_default	0	4684.831807389855
real	1	0	B	dispatch_default	1	4446.7095984146
real	1	0	B	dispatch_default	2	4441.651003435254
real	1	0	B	dispatch_default	3	4468.201799318194
real	1	0	B	dispatch_default	4	4464.92419578135
real	1	0	B	dispatch_guard	0	3122.918214648962
real	1	0	B	dispatch_guard	1	3122.580610215664
real	1	0	B	dispatch_guard	2	3056.0618033632636
real	1	0	B	dispatch_guard	3	3032.2408070787787
real	1	0	B	dispatch_guard	4	3086.692001670599
real	1	1	A	status	0	58.33431030623615
real	1	1	A	status	1	55.585060035809875
real	1	1	A	status	2	56.623039999976754
real	1	1	A	status	3	56.85228039510548
real	1	1	A	status	4	57.00096022337675
real	1	1	A	converter_exact	0	62.5865301117301
real	1	1	A	converter_exact	1	63.02924943156541
real	1	1	A	converter_exact	2	61.55280047096311
real	1	1	A	converter_exact	3	62.83933063969017
real	1	1	A	converter_exact	4	62.35587992705405
real	1	1	A	converter_mro	0	115.0001201312989
real	1	1	A	converter_mro	1	112.5474099535495
real	1	1	A	converter_mro	2	111.68859899044037
real	1	1	A	converter_mro	3	111.32560903206468
real	1	1	A	converter_mro	4	111.82539979927242
real	1	1	A	exception_exact	0	130.8747089933604
real	1	1	A	exception_exact	1	137.39789021201432
real	1	1	A	exception_exact	2	129.27616946399212
real	1	1	A	exception_exact	3	131.05083024129272
real	1	1	A	exception_exact	4	135.33993973396719
real	1	1	A	exception_mro	0	140.4241193085909
real	1	1	A	exception_mro	1	140.7463406212628
real	1	1	A	exception_mro	2	144.38529964536428
real	1	1	A	exception_mro	3	141.7360093910247
real	1	1	A	exception_mro	4	142.2281702980399
real	1	1	A	exception_default	0	163.04253949783742
real	1	1	A	exception_default	1	165.74632958509028
real	1	1	A	exception_default	2	162.04742016270757
real	1	1	A	exception_default	3	162.28241031058133
real	1	1	A	exception_default	4	165.30747059732676
real	1	1	A	dispatch_normal	0	1773.7285932525992
real	1	1	A	dispatch_normal	1	1799.152186140418
real	1	1	A	dispatch_normal	2	2034.3936048448086
real	1	1	A	dispatch_normal	3	3065.1309993118048
real	1	1	A	dispatch_normal	4	3048.0043962597847
real	1	1	A	dispatch_404	0	3737.005405128002
real	1	1	A	dispatch_404	1	3736.665192991495
real	1	1	A	dispatch_404	2	3752.2415863350034
real	1	1	A	dispatch_404	3	2272.387803532183
real	1	1	A	dispatch_404	4	2123.561594635248
real	1	1	A	dispatch_exception	0	3886.3874040544033
real	1	1	A	dispatch_exception	1	3287.8743950277567
real	1	1	A	dispatch_exception	2	3153.1882006675005
real	1	1	A	dispatch_exception	3	3161.8932029232383
real	1	1	A	dispatch_exception	4	3006.6947918385267
real	1	1	A	dispatch_default	0	4571.579792536795
real	1	1	A	dispatch_default	1	4695.913614705205
real	1	1	A	dispatch_default	2	4455.518000759184
real	1	1	A	dispatch_default	3	4528.1816041097045
real	1	1	A	dispatch_default	4	4536.652797833085
real	1	1	A	dispatch_guard	0	4582.989006303251
real	1	1	A	dispatch_guard	1	4435.461992397904
real	1	1	A	dispatch_guard	2	4480.8715814724565
real	1	1	A	dispatch_guard	3	4536.606604233384
real	1	1	A	dispatch_guard	4	4495.783988386393
real	1	2	A	status	0	54.79858024045825
real	1	2	A	status	1	57.45423026382923
real	1	2	A	status	2	55.56715070270002
real	1	2	A	status	3	55.48847024329007
real	1	2	A	status	4	60.81830943003297
real	1	2	A	converter_exact	0	61.97899929247796
real	1	2	A	converter_exact	1	63.25906026177109
real	1	2	A	converter_exact	2	62.35345965251326
real	1	2	A	converter_exact	3	63.90328984707594
real	1	2	A	converter_exact	4	67.22202058881521
real	1	2	A	converter_mro	0	117.22903000190854
real	1	2	A	converter_mro	1	117.01293988153338
real	1	2	A	converter_mro	2	116.46016966551542
real	1	2	A	converter_mro	3	164.14069919846952
real	1	2	A	converter_mro	4	127.80527933500707
real	1	2	A	exception_exact	0	142.3708104994148
real	1	2	A	exception_exact	1	144.67960922047496
real	1	2	A	exception_exact	2	135.18345076590776
real	1	2	A	exception_exact	3	132.12764053605497
real	1	2	A	exception_exact	4	136.50426059029996
real	1	2	A	exception_mro	0	142.51813990995288
real	1	2	A	exception_mro	1	142.53402943722904
real	1	2	A	exception_mro	2	158.4517804440111
real	1	2	A	exception_mro	3	187.75213044136763
real	1	2	A	exception_mro	4	146.76449005492032
real	1	2	A	exception_default	0	226.36948036961257
real	1	2	A	exception_default	1	273.4723000321537
real	1	2	A	exception_default	2	182.95396002940834
real	1	2	A	exception_default	3	162.6319100614637
real	1	2	A	exception_default	4	160.65759002231061
real	1	2	A	dispatch_normal	0	1854.014815762639
real	1	2	A	dispatch_normal	1	1718.8860103487968
real	1	2	A	dispatch_normal	2	1739.1687957569957
real	1	2	A	dispatch_normal	3	1805.162406526506
real	1	2	A	dispatch_normal	4	1765.9565899521112
real	1	2	A	dispatch_404	0	2184.3986120074987
real	1	2	A	dispatch_404	1	3548.1248050928116
real	1	2	A	dispatch_404	2	2198.219788260758
real	1	2	A	dispatch_404	3	2215.1509998366237
real	1	2	A	dispatch_404	4	2232.7746031805873
real	1	2	A	dispatch_exception	0	3934.325790032744
real	1	2	A	dispatch_exception	1	3430.1916137337685
real	1	2	A	dispatch_exception	2	3303.5660162568092
real	1	2	A	dispatch_exception	3	3114.7448113188148
real	1	2	A	dispatch_exception	4	4396.2076073512435
real	1	2	A	dispatch_default	0	4793.650610372424
real	1	2	A	dispatch_default	1	4618.825600482523
real	1	2	A	dispatch_default	2	4945.031809620559
real	1	2	A	dispatch_default	3	4534.778604283929
real	1	2	A	dispatch_default	4	5044.198199175298
real	1	2	A	dispatch_guard	0	4567.100782878697
real	1	2	A	dispatch_guard	1	4483.820009045303
real	1	2	A	dispatch_guard	2	4499.512608163059
real	1	2	A	dispatch_guard	3	4487.474984489381
real	1	2	A	dispatch_guard	4	4507.796186953783
real	1	3	B	status	0	55.13862008228898
real	1	3	B	status	1	54.68891002237797
real	1	3	B	status	2	55.098439333960414
real	1	3	B	status	3	56.165680289268494
real	1	3	B	status	4	54.806231055408716
real	1	3	B	converter_exact	0	62.99080909229816
real	1	3	B	converter_exact	1	65.96363033168018
real	1	3	B	converter_exact	2	62.85003968514503
real	1	3	B	converter_exact	3	66.48635026067495
real	1	3	B	converter_exact	4	63.15964041277767
real	1	3	B	converter_mro	0	114.08044025301933
real	1	3	B	converter_mro	1	114.78665051981807
real	1	3	B	converter_mro	2	114.24756958149374
real	1	3	B	converter_mro	3	175.8401293773204
real	1	3	B	converter_mro	4	115.46205030754209
real	1	3	B	exception_exact	0	99.10122957080603
real	1	3	B	exception_exact	1	96.14204987883568
real	1	3	B	exception_exact	2	96.38515999540687
real	1	3	B	exception_exact	3	96.98030073195696
real	1	3	B	exception_exact	4	94.77833053097129
real	1	3	B	exception_mro	0	162.29443019255996
real	1	3	B	exception_mro	1	159.2823094688356
real	1	3	B	exception_mro	2	160.40073009207845
real	1	3	B	exception_mro	3	158.97438977845013
real	1	3	B	exception_mro	4	159.63574987836182
real	1	3	B	exception_default	0	75.79686935059726
real	1	3	B	exception_default	1	74.19037981890142
real	1	3	B	exception_default	2	74.12703009322286
real	1	3	B	exception_default	3	79.94028041139245
real	1	3	B	exception_default	4	73.52476008236408
real	1	3	B	dispatch_normal	0	1852.2995989769697
real	1	3	B	dispatch_normal	1	1854.4248072430491
real	1	3	B	dispatch_normal	2	1904.9125956371427
real	1	3	B	dispatch_normal	3	1794.649986550212
real	1	3	B	dispatch_normal	4	2652.6676025241613
real	1	3	B	dispatch_404	0	2289.1004104167223
real	1	3	B	dispatch_404	1	2159.063401632011
real	1	3	B	dispatch_404	2	2156.100398860872
real	1	3	B	dispatch_404	3	2308.1194143742323
real	1	3	B	dispatch_404	4	2252.410794608295
real	1	3	B	dispatch_exception	0	3943.0668111890554
real	1	3	B	dispatch_exception	1	3313.021594658494
real	1	3	B	dispatch_exception	2	3209.546790458262
real	1	3	B	dispatch_exception	3	3083.850396797061
real	1	3	B	dispatch_exception	4	2983.9481925591826
real	1	3	B	dispatch_default	0	4857.932194136083
real	1	3	B	dispatch_default	1	4590.271203778684
real	1	3	B	dispatch_default	2	4474.601801484823
real	1	3	B	dispatch_default	3	4278.63160148263
real	1	3	B	dispatch_default	4	4344.728006981313
real	1	3	B	dispatch_guard	0	3445.3095868229866
real	1	3	B	dispatch_guard	1	3003.036812879145
real	1	3	B	dispatch_guard	2	3046.664595603943
real	1	3	B	dispatch_guard	3	3017.161996103823
real	1	3	B	dispatch_guard	4	3016.7408054694533
real	2	0	A	status	0	88.08486047200859
real	2	0	A	status	1	88.59789930284023
real	2	0	A	status	2	88.59263965860009
real	2	0	A	status	3	88.47469929605722
real	2	0	A	status	4	89.12681019864976
real	2	0	A	converter_exact	0	99.01599027216434
real	2	0	A	converter_exact	1	99.60246039554477
real	2	0	A	converter_exact	2	86.86703979037702
real	2	0	A	converter_exact	3	63.05887014605105
real	2	0	A	converter_exact	4	62.37228983081878
real	2	0	A	converter_mro	0	115.07906019687653
real	2	0	A	converter_mro	1	119.6319190785289
real	2	0	A	converter_mro	2	120.69845921359956
real	2	0	A	converter_mro	3	115.27972063049674
real	2	0	A	converter_mro	4	115.06976094096899
real	2	0	A	exception_exact	0	131.97035994380713
real	2	0	A	exception_exact	1	133.42138030566275
real	2	0	A	exception_exact	2	132.0565107744187
real	2	0	A	exception_exact	3	168.65266021341085
real	2	0	A	exception_exact	4	171.04411963373423
real	2	0	A	exception_mro	0	142.85602956078947
real	2	0	A	exception_mro	1	146.13253995776176
real	2	0	A	exception_mro	2	145.698559936136
real	2	0	A	exception_mro	3	147.98347954638302
real	2	0	A	exception_mro	4	151.02185076102614
real	2	0	A	exception_default	0	162.0583690237254
real	2	0	A	exception_default	1	160.67969030700624
real	2	0	A	exception_default	2	162.20224904827774
real	2	0	A	exception_default	3	165.88032012805343
real	2	0	A	exception_default	4	164.6282896399498
real	2	0	A	dispatch_normal	0	1775.221200659871
real	2	0	A	dispatch_normal	1	1796.4510014280677
real	2	0	A	dispatch_normal	2	1794.8392080143094
real	2	0	A	dispatch_normal	3	1807.4091989547014
real	2	0	A	dispatch_normal	4	1820.2024046331644
real	2	0	A	dispatch_404	0	2237.684605643153
real	2	0	A	dispatch_404	1	2267.0235950499773
real	2	0	A	dispatch_404	2	2298.394008539617
real	2	0	A	dispatch_404	3	2134.030591696501
real	2	0	A	dispatch_404	4	2162.6328118145466
real	2	0	A	dispatch_exception	0	3930.955613031983
real	2	0	A	dispatch_exception	1	3945.506806485355
real	2	0	A	dispatch_exception	2	3220.512391999364
real	2	0	A	dispatch_exception	3	3119.492204859853
real	2	0	A	dispatch_exception	4	3064.229618757963
real	2	0	A	dispatch_default	0	4712.380398996174
real	2	0	A	dispatch_default	1	4527.505394071341
real	2	0	A	dispatch_default	2	8380.806795321405
real	2	0	A	dispatch_default	3	4635.501187294722
real	2	0	A	dispatch_default	4	6074.728397652507
real	2	0	A	dispatch_guard	0	4612.593213096261
real	2	0	A	dispatch_guard	1	4583.24181381613
real	2	0	A	dispatch_guard	2	4490.512399934232
real	2	0	A	dispatch_guard	3	4535.175208002329
real	2	0	A	dispatch_guard	4	5524.225393310189
real	2	1	B	status	0	55.55207026191056
real	2	1	B	status	1	56.177370715886354
real	2	1	B	status	2	59.84271061606706
real	2	1	B	status	3	56.047679390758276
real	2	1	B	status	4	57.53190955147147
real	2	1	B	converter_exact	0	64.72503999248147
real	2	1	B	converter_exact	1	64.27861051633954
real	2	1	B	converter_exact	2	65.73150982148945
real	2	1	B	converter_exact	3	64.34533977881074
real	2	1	B	converter_exact	4	65.34943007864058
real	2	1	B	converter_mro	0	117.08537000231445
real	2	1	B	converter_mro	1	118.28139889985323
real	2	1	B	converter_mro	2	115.16019003465772
real	2	1	B	converter_mro	3	122.01972072944044
real	2	1	B	converter_mro	4	114.29780977778137
real	2	1	B	exception_exact	0	94.12921033799648
real	2	1	B	exception_exact	1	90.13799019157887
real	2	1	B	exception_exact	2	90.65245976671576
real	2	1	B	exception_exact	3	90.43260011821985
real	2	1	B	exception_exact	4	90.12373047880828
real	2	1	B	exception_mro	0	146.76004997454584
real	2	1	B	exception_mro	1	151.90253965556622
real	2	1	B	exception_mro	2	152.67108916305006
real	2	1	B	exception_mro	3	146.58681931905448
real	2	1	B	exception_mro	4	148.4208006877452
real	2	1	B	exception_default	0	77.15877029113472
real	2	1	B	exception_default	1	75.79284952953458
real	2	1	B	exception_default	2	75.57442062534392
real	2	1	B	exception_default	3	74.53038007952273
real	2	1	B	exception_default	4	75.73290029540658
real	2	1	B	dispatch_normal	0	1875.554001890123
real	2	1	B	dispatch_normal	1	1761.3203963264823
real	2	1	B	dispatch_normal	2	1769.6175957098603
real	2	1	B	dispatch_normal	3	1782.0616019889712
real	2	1	B	dispatch_normal	4	1770.704798400402
real	2	1	B	dispatch_404	0	2282.6818050816655
real	2	1	B	dispatch_404	1	2302.767406217754
real	2	1	B	dispatch_404	2	2280.532196164131
real	2	1	B	dispatch_404	3	2222.1883991733193
real	2	1	B	dispatch_404	4	2275.6279911845922
real	2	1	B	dispatch_exception	0	3889.1486125066876
real	2	1	B	dispatch_exception	1	3215.6284200027585
real	2	1	B	dispatch_exception	2	3196.3078072294593
real	2	1	B	dispatch_exception	3	2988.6991949751973
real	2	1	B	dispatch_exception	4	2998.1168219819665
real	2	1	B	dispatch_default	0	4605.908994562924
real	2	1	B	dispatch_default	1	4311.685799621046
real	2	1	B	dispatch_default	2	4318.982013501227
real	2	1	B	dispatch_default	3	4490.654799155891
real	2	1	B	dispatch_default	4	4501.214413903654
real	2	1	B	dispatch_guard	0	3157.4897933751345
real	2	1	B	dispatch_guard	1	3192.988596856594
real	2	1	B	dispatch_guard	2	3112.707589752972
real	2	1	B	dispatch_guard	3	3086.8185916915536
real	2	1	B	dispatch_guard	4	3120.7383843138814
real	2	2	B	status	0	58.814610820263624
real	2	2	B	status	1	57.44533031247556
real	2	2	B	status	2	63.3871101308614
real	2	2	B	status	3	55.11766066774726
real	2	2	B	status	4	55.67848915234208
real	2	2	B	converter_exact	0	67.04934989102185
real	2	2	B	converter_exact	1	64.57739043980837
real	2	2	B	converter_exact	2	68.14762018620968
real	2	2	B	converter_exact	3	63.43228043988347
real	2	2	B	converter_exact	4	66.23847060836852
real	2	2	B	converter_mro	0	117.4703799188137
real	2	2	B	converter_mro	1	114.94947946630418
real	2	2	B	converter_mro	2	132.30924028903246
real	2	2	B	converter_mro	3	160.76650004833937
real	2	2	B	converter_mro	4	114.39664987847209
real	2	2	B	exception_exact	0	90.55286995135248
real	2	2	B	exception_exact	1	97.17636974528432
real	2	2	B	exception_exact	2	90.31820925883949
real	2	2	B	exception_exact	3	90.6558707356453
real	2	2	B	exception_exact	4	90.4856389388442
real	2	2	B	exception_mro	0	139.7341990377754
real	2	2	B	exception_mro	1	140.12568979524076
real	2	2	B	exception_mro	2	139.9672299157828
real	2	2	B	exception_mro	3	139.35708906501532
real	2	2	B	exception_mro	4	139.9726397357881
real	2	2	B	exception_default	0	74.83394932933152
real	2	2	B	exception_default	1	73.98443063721061
real	2	2	B	exception_default	2	80.38744912482798
real	2	2	B	exception_default	3	73.53882887400687
real	2	2	B	exception_default	4	74.45284980349243
real	2	2	B	dispatch_normal	0	1850.528595969081
real	2	2	B	dispatch_normal	1	1870.8383897319436
real	2	2	B	dispatch_normal	2	1804.666593670845
real	2	2	B	dispatch_normal	3	1977.0945888012648
real	2	2	B	dispatch_normal	4	1826.8245970830321
real	2	2	B	dispatch_404	0	2232.88859706372
real	2	2	B	dispatch_404	1	2200.256404466927
real	2	2	B	dispatch_404	2	2237.2425999492407
real	2	2	B	dispatch_404	3	2272.8011943399906
real	2	2	B	dispatch_404	4	2206.135797314346
real	2	2	B	dispatch_exception	0	3889.6357873454685
real	2	2	B	dispatch_exception	1	3498.424217104912
real	2	2	B	dispatch_exception	2	4021.644801832736
real	2	2	B	dispatch_exception	3	3133.190795779228
real	2	2	B	dispatch_exception	4	3172.0693921670318
real	2	2	B	dispatch_default	0	4617.944615893066
real	2	2	B	dispatch_default	1	4357.4857991188765
real	2	2	B	dispatch_default	2	4326.2920109555125
real	2	2	B	dispatch_default	3	4366.80899001658
real	2	2	B	dispatch_default	4	4786.18941269815
real	2	2	B	dispatch_guard	0	3225.944982841611
real	2	2	B	dispatch_guard	1	3051.1775985360146
real	2	2	B	dispatch_guard	2	3164.1016015782952
real	2	2	B	dispatch_guard	3	3059.530397877097
real	2	2	B	dispatch_guard	4	3223.9693915471435
real	2	3	A	status	0	59.15282992646098
real	2	3	A	status	1	60.03652000799775
real	2	3	A	status	2	59.505109675228596
real	2	3	A	status	3	56.85862968675792
real	2	3	A	status	4	62.76866071857511
real	2	3	A	converter_exact	0	64.46374929510057
real	2	3	A	converter_exact	1	65.34371059387922
real	2	3	A	converter_exact	2	65.89855998754501
real	2	3	A	converter_exact	3	63.74949007295073
real	2	3	A	converter_exact	4	63.354130834341056
real	2	3	A	converter_mro	0	115.23747001774609
real	2	3	A	converter_mro	1	113.61469980329275
real	2	3	A	converter_mro	2	115.69390073418617
real	2	3	A	converter_mro	3	118.50859969854355
real	2	3	A	converter_mro	4	112.37373924814165
real	2	3	A	exception_exact	0	132.4086100794375
real	2	3	A	exception_exact	1	132.86062981933355
real	2	3	A	exception_exact	2	131.49984064511955
real	2	3	A	exception_exact	3	132.68657959997654
real	2	3	A	exception_exact	4	142.41077937185764
real	2	3	A	exception_mro	0	147.88120985031128
real	2	3	A	exception_mro	1	148.67082936689258
real	2	3	A	exception_mro	2	146.15491032600403
real	2	3	A	exception_mro	3	142.19377073459327
real	2	3	A	exception_mro	4	142.77739101089537
real	2	3	A	exception_default	0	161.62861022166908
real	2	3	A	exception_default	1	167.61929029598832
real	2	3	A	exception_default	2	164.3711992073804
real	2	3	A	exception_default	3	166.26199008896947
real	2	3	A	exception_default	4	160.44416930526495
real	2	3	A	dispatch_normal	0	1788.0985978990793
real	2	3	A	dispatch_normal	1	1826.4733953401446
real	2	3	A	dispatch_normal	2	1769.9931981042027
real	2	3	A	dispatch_normal	3	1948.066591285169
real	2	3	A	dispatch_normal	4	1795.599004253745
real	2	3	A	dispatch_404	0	2388.2512003183365
real	2	3	A	dispatch_404	1	2207.656600512564
real	2	3	A	dispatch_404	2	2181.5598011016846
real	2	3	A	dispatch_404	3	2220.621006563306
real	2	3	A	dispatch_404	4	2283.5170151665807
real	2	3	A	dispatch_exception	0	4078.131588175893
real	2	3	A	dispatch_exception	1	3825.7817970588803
real	2	3	A	dispatch_exception	2	3329.573990777135
real	2	3	A	dispatch_exception	3	3160.254587419331
real	2	3	A	dispatch_exception	4	3092.237818054855
real	2	3	A	dispatch_default	0	5061.7665983736515
real	2	3	A	dispatch_default	1	5193.687789142132
real	2	3	A	dispatch_default	2	4618.96238848567
real	2	3	A	dispatch_default	3	5501.790996640921
real	2	3	A	dispatch_default	4	4694.701195694506
real	2	3	A	dispatch_guard	0	4647.417203523219
real	2	3	A	dispatch_guard	1	4684.152011759579
real	2	3	A	dispatch_guard	2	4586.983984336257
real	2	3	A	dispatch_guard	3	4615.046200342476
real	2	3	A	dispatch_guard	4	4547.380399890244
real	3	0	B	status	0	54.66572009027004
real	3	0	B	status	1	55.384880397468805
real	3	0	B	status	2	58.55817929841578
real	3	0	B	status	3	55.71782938204706
real	3	0	B	status	4	56.56927009113133
real	3	0	B	converter_exact	0	62.490800628438585
real	3	0	B	converter_exact	1	62.283389270305626
real	3	0	B	converter_exact	2	64.1428295057267
real	3	0	B	converter_exact	3	63.37285041809082
real	3	0	B	converter_exact	4	63.577219843864434
real	3	0	B	converter_mro	0	116.24137056060135
real	3	0	B	converter_mro	1	116.56390968710184
real	3	0	B	converter_mro	2	124.32774994522333
real	3	0	B	converter_mro	3	116.6471210308373
real	3	0	B	converter_mro	4	117.50674922950566
real	3	0	B	exception_exact	0	90.38583026267588
real	3	0	B	exception_exact	1	93.7223294749856
real	3	0	B	exception_exact	2	90.41200042702258
real	3	0	B	exception_exact	3	90.30516957864165
real	3	0	B	exception_exact	4	90.19173099659383
real	3	0	B	exception_mro	0	151.49560058489442
real	3	0	B	exception_mro	1	146.47767995484173
real	3	0	B	exception_mro	2	149.7721893247217
real	3	0	B	exception_mro	3	149.0618591196835
real	3	0	B	exception_mro	4	148.12299981713295
real	3	0	B	exception_default	0	76.5382091049105
real	3	0	B	exception_default	1	74.60842956788838
real	3	0	B	exception_default	2	85.29952960088849
real	3	0	B	exception_default	3	116.43002973869443
real	3	0	B	exception_default	4	78.93740897998214
real	3	0	B	dispatch_normal	0	1915.1129992678761
real	3	0	B	dispatch_normal	1	1783.4162106737494
real	3	0	B	dispatch_normal	2	1773.2525942847133
real	3	0	B	dispatch_normal	3	2580.0189934670925
real	3	0	B	dispatch_normal	4	2453.340799547732
real	3	0	B	dispatch_404	0	3353.4135902300477
real	3	0	B	dispatch_404	1	2206.4935881644487
real	3	0	B	dispatch_404	2	2194.3876054137945
real	3	0	B	dispatch_404	3	2184.2858055606484
real	3	0	B	dispatch_404	4	2203.673799522221
real	3	0	B	dispatch_exception	0	3917.7794009447102
real	3	0	B	dispatch_exception	1	3343.965206295252
real	3	0	B	dispatch_exception	2	3339.3772086128592
real	3	0	B	dispatch_exception	3	3055.4120196029544
real	3	0	B	dispatch_exception	4	2974.9378096312284
real	3	0	B	dispatch_default	0	5571.873998269439
real	3	0	B	dispatch_default	1	4813.939216546714
real	3	0	B	dispatch_default	2	4501.425591297448
real	3	0	B	dispatch_default	3	4612.0386105030775
real	3	0	B	dispatch_default	4	4545.265412889421
real	3	0	B	dispatch_guard	0	4411.839600652456
real	3	0	B	dispatch_guard	1	3131.669806316495
real	3	0	B	dispatch_guard	2	3093.1784072890878
real	3	0	B	dispatch_guard	3	3159.502800554037
real	3	0	B	dispatch_guard	4	3200.1594081521034
real	3	1	A	status	0	88.33223953843117
real	3	1	A	status	1	89.08485062420368
real	3	1	A	status	2	90.13133938424289
real	3	1	A	status	3	89.21672939322889
real	3	1	A	status	4	84.30460002273321
real	3	1	A	converter_exact	0	65.38196001201868
real	3	1	A	converter_exact	1	64.62204968556762
real	3	1	A	converter_exact	2	71.66448049247265
real	3	1	A	converter_exact	3	63.9758096076548
real	3	1	A	converter_exact	4	67.88262980990112
real	3	1	A	converter_mro	0	121.13034958019853
real	3	1	A	converter_mro	1	162.086560158059
real	3	1	A	converter_mro	2	131.89411954954267
real	3	1	A	converter_mro	3	119.92461048066616
real	3	1	A	converter_mro	4	197.63864926062524
real	3	1	A	exception_exact	0	203.2085694372654
real	3	1	A	exception_exact	1	172.27657954208553
real	3	1	A	exception_exact	2	136.6107794456184
real	3	1	A	exception_exact	3	134.3703200109303
real	3	1	A	exception_exact	4	134.27041936665773
real	3	1	A	exception_mro	0	146.9419791828841
real	3	1	A	exception_mro	1	146.63851936347783
real	3	1	A	exception_mro	2	164.35448080301285
real	3	1	A	exception_mro	3	142.68871978856623
real	3	1	A	exception_mro	4	148.72448984533548
real	3	1	A	exception_default	0	163.0652300082147
real	3	1	A	exception_default	1	170.8611089270562
real	3	1	A	exception_default	2	167.86573105491698
real	3	1	A	exception_default	3	201.73655007965863
real	3	1	A	exception_default	4	227.63928049243987
real	3	1	A	dispatch_normal	0	1923.6919935792685
real	3	1	A	dispatch_normal	1	1882.4453931301832
real	3	1	A	dispatch_normal	2	1885.1313972845674
real	3	1	A	dispatch_normal	3	1875.0615883618593
real	3	1	A	dispatch_normal	4	1840.1973880827427
real	3	1	A	dispatch_404	0	2307.4985947459936
real	3	1	A	dispatch_404	1	2200.287999585271
real	3	1	A	dispatch_404	2	2175.3615932539105
real	3	1	A	dispatch_404	3	2201.5485912561417
real	3	1	A	dispatch_404	4	2269.0501995384693
real	3	1	A	dispatch_exception	0	4091.049614362418
real	3	1	A	dispatch_exception	1	3232.538001611829
real	3	1	A	dispatch_exception	2	3208.159003406763
real	3	1	A	dispatch_exception	3	3179.6430004760623
real	3	1	A	dispatch_exception	4	3355.1035914570093
real	3	1	A	dispatch_default	0	6285.138591192663
real	3	1	A	dispatch_default	1	4713.4843887761235
real	3	1	A	dispatch_default	2	4689.828003756702
real	3	1	A	dispatch_default	3	4884.871211834252
real	3	1	A	dispatch_default	4	5421.620397828519
real	3	1	A	dispatch_guard	0	6339.591997675598
real	3	1	A	dispatch_guard	1	4861.190798692405
real	3	1	A	dispatch_guard	2	5015.340005047619
real	3	1	A	dispatch_guard	3	5360.495182685554
real	3	1	A	dispatch_guard	4	5779.234599322081
real	3	2	A	status	0	76.54524990357459
real	3	2	A	status	1	58.75756032764912
real	3	2	A	status	2	74.21178976073861
real	3	2	A	status	3	60.08264957927168
real	3	2	A	status	4	66.73204945400357
real	3	2	A	converter_exact	0	106.90271039493382
real	3	2	A	converter_exact	1	71.59415050409734
real	3	2	A	converter_exact	2	64.0364398714155
real	3	2	A	converter_exact	3	80.2456890232861
real	3	2	A	converter_exact	4	64.83959034085274
real	3	2	A	converter_mro	0	127.00018007308246
real	3	2	A	converter_mro	1	123.90300049446525
real	3	2	A	converter_mro	2	125.12285960838199
real	3	2	A	converter_mro	3	127.14633019641042
real	3	2	A	converter_mro	4	175.33243051730096
real	3	2	A	exception_exact	0	137.4648103956133
real	3	2	A	exception_exact	1	166.5780891198665
real	3	2	A	exception_exact	2	148.21578981354833
real	3	2	A	exception_exact	3	182.65533028170466
real	3	2	A	exception_exact	4	139.14612005464733
real	3	2	A	exception_mro	0	160.12632055208087
real	3	2	A	exception_mro	1	164.46891007944942
real	3	2	A	exception_mro	2	154.9139095004648
real	3	2	A	exception_mro	3	199.84696060419083
real	3	2	A	exception_mro	4	204.48920084163547
real	3	2	A	exception_default	0	188.2952603045851
real	3	2	A	exception_default	1	191.41630036756396
real	3	2	A	exception_default	2	198.37011001072824
real	3	2	A	exception_default	3	185.3108301293105
real	3	2	A	exception_default	4	210.8021406456828
real	3	2	A	dispatch_normal	0	1928.9674004539847
real	3	2	A	dispatch_normal	1	2256.097598001361
real	3	2	A	dispatch_normal	2	1949.1943996399639
real	3	2	A	dispatch_normal	3	2027.3772068321705
real	3	2	A	dispatch_normal	4	2770.2620020136237
real	3	2	A	dispatch_404	0	2978.015597909689
real	3	2	A	dispatch_404	1	2754.7017903998494
real	3	2	A	dispatch_404	2	2372.5280072540045
real	3	2	A	dispatch_404	3	2299.77760463953
real	3	2	A	dispatch_404	4	2301.068790256977
real	3	2	A	dispatch_exception	0	5367.151601240039
real	3	2	A	dispatch_exception	1	5552.463000640273
real	3	2	A	dispatch_exception	2	4251.217795535922
real	3	2	A	dispatch_exception	3	4794.762213714421
real	3	2	A	dispatch_exception	4	4594.262596219778
real	3	2	A	dispatch_default	0	5294.571607373655
real	3	2	A	dispatch_default	1	5592.221789993346
real	3	2	A	dispatch_default	2	6255.986588075757
real	3	2	A	dispatch_default	3	5122.622800990939
real	3	2	A	dispatch_default	4	6548.53421729058
real	3	2	A	dispatch_guard	0	5032.424395903945
real	3	2	A	dispatch_guard	1	6417.294009588659
real	3	2	A	dispatch_guard	2	7032.101578079164
real	3	2	A	dispatch_guard	3	5918.781994841993
real	3	2	A	dispatch_guard	4	5255.106999538839
real	3	3	B	status	0	61.86446989886463
real	3	3	B	status	1	94.27558979950845
real	3	3	B	status	2	78.35538941435516
real	3	3	B	status	3	55.719970259815454
real	3	3	B	status	4	88.18285074084997
real	3	3	B	converter_exact	0	64.194769365713
real	3	3	B	converter_exact	1	66.42161984927952
real	3	3	B	converter_exact	2	66.46701018325984
real	3	3	B	converter_exact	3	65.81548950634897
real	3	3	B	converter_exact	4	66.6290009394288
real	3	3	B	converter_mro	0	133.74987989664078
real	3	3	B	converter_mro	1	174.01742981746793
real	3	3	B	converter_mro	2	132.95275974087417
real	3	3	B	converter_mro	3	135.68690046668053
real	3	3	B	converter_mro	4	168.72779000550508
real	3	3	B	exception_exact	0	92.70773036405444
real	3	3	B	exception_exact	1	96.08636028133333
real	3	3	B	exception_exact	2	112.59541963227093
real	3	3	B	exception_exact	3	114.85120980069041
real	3	3	B	exception_exact	4	97.4869099445641
real	3	3	B	exception_mro	0	147.4356302060187
real	3	3	B	exception_mro	1	148.1322303880006
real	3	3	B	exception_mro	2	184.1233705636114
real	3	3	B	exception_mro	3	151.63647010922432
real	3	3	B	exception_mro	4	190.55621000006795
real	3	3	B	exception_default	0	118.61576000228524
real	3	3	B	exception_default	1	92.83680003136396
real	3	3	B	exception_default	2	94.8947190772742
real	3	3	B	exception_default	3	90.75570967979729
real	3	3	B	exception_default	4	92.55173965357244
real	3	3	B	dispatch_normal	0	2009.6745807677507
real	3	3	B	dispatch_normal	1	2120.0859919190407
real	3	3	B	dispatch_normal	2	1968.035800382495
real	3	3	B	dispatch_normal	3	2022.4916050210595
real	3	3	B	dispatch_normal	4	1884.9625950679183
real	3	3	B	dispatch_404	0	2747.5345879793167
real	3	3	B	dispatch_404	1	2817.067177966237
real	3	3	B	dispatch_404	2	2447.3062017932534
real	3	3	B	dispatch_404	3	2355.3352104499936
real	3	3	B	dispatch_404	4	2311.8722019717097
real	3	3	B	dispatch_exception	0	4944.35359723866
real	3	3	B	dispatch_exception	1	3767.2074045985937
real	3	3	B	dispatch_exception	2	3503.5706125199795
real	3	3	B	dispatch_exception	3	3395.644808188081
real	3	3	B	dispatch_exception	4	3301.1161955073476
real	3	3	B	dispatch_default	0	5202.375794760883
real	3	3	B	dispatch_default	1	4686.444997787476
real	3	3	B	dispatch_default	2	4898.683819919825
real	3	3	B	dispatch_default	3	5234.733386896551
real	3	3	B	dispatch_default	4	5822.209385223687
real	3	3	B	dispatch_guard	0	4431.4200058579445
real	3	3	B	dispatch_guard	1	4932.8985856845975
real	3	3	B	dispatch_guard	2	4498.490015976131
real	3	3	B	dispatch_guard	3	4204.718209803104
real	3	3	B	dispatch_guard	4	3164.8912001401186
real	4	0	A	status	0	65.17278961837292
real	4	0	A	status	1	69.53463074751198
real	4	0	A	status	2	57.95172997750342
real	4	0	A	status	3	58.17011930048466
real	4	0	A	status	4	58.300880482420325
real	4	0	A	converter_exact	0	64.42137993872166
real	4	0	A	converter_exact	1	73.23709083721042
real	4	0	A	converter_exact	2	70.37983974441886
real	4	0	A	converter_exact	3	85.2809299249202
real	4	0	A	converter_exact	4	69.82096005231142
real	4	0	A	converter_mro	0	146.76867052912712
real	4	0	A	converter_mro	1	121.8460197560489
real	4	0	A	converter_mro	2	121.45188986323774
real	4	0	A	converter_mro	3	138.75549077056348
real	4	0	A	converter_mro	4	145.99128044210374
real	4	0	A	exception_exact	0	224.7051999438554
real	4	0	A	exception_exact	1	203.94759019836783
real	4	0	A	exception_exact	2	190.564930671826
real	4	0	A	exception_exact	3	184.54884993843734
real	4	0	A	exception_exact	4	158.71169976890087
real	4	0	A	exception_mro	0	153.7699403706938
real	4	0	A	exception_mro	1	192.52847996540368
real	4	0	A	exception_mro	2	148.12468085438013
real	4	0	A	exception_mro	3	218.526249518618
real	4	0	A	exception_mro	4	157.410129904747
real	4	0	A	exception_default	0	227.84731001593173
real	4	0	A	exception_default	1	196.2090004235506
real	4	0	A	exception_default	2	187.3864105436951
real	4	0	A	exception_default	3	220.68876074627042
real	4	0	A	exception_default	4	200.25575999170542
real	4	0	A	dispatch_normal	0	2164.8444002494216
real	4	0	A	dispatch_normal	1	2072.8342002257705
real	4	0	A	dispatch_normal	2	1942.5268052145836
real	4	0	A	dispatch_normal	3	2048.7566012889147
real	4	0	A	dispatch_normal	4	1955.3611986339092
real	4	0	A	dispatch_404	0	2362.8848139196634
real	4	0	A	dispatch_404	1	2459.439402446151
real	4	0	A	dispatch_404	2	2267.392398789525
real	4	0	A	dispatch_404	3	2236.1600073054433
real	4	0	A	dispatch_404	4	2383.879595436156
real	4	0	A	dispatch_exception	0	3970.056399703026
real	4	0	A	dispatch_exception	1	3190.768207423389
real	4	0	A	dispatch_exception	2	3152.4379970505834
real	4	0	A	dispatch_exception	3	3097.034594975412
real	4	0	A	dispatch_exception	4	3188.6992044746876
real	4	0	A	dispatch_default	0	6636.7654129862785
real	4	0	A	dispatch_default	1	4891.630215570331
real	4	0	A	dispatch_default	2	5069.090984761715
real	4	0	A	dispatch_default	3	5714.372196234763
real	4	0	A	dispatch_default	4	5850.426806136966
real	4	0	A	dispatch_guard	0	4725.2706019207835
real	4	0	A	dispatch_guard	1	4670.123010873795
real	4	0	A	dispatch_guard	2	4625.514196231961
real	4	0	A	dispatch_guard	3	4744.0401976928115
real	4	0	A	dispatch_guard	4	4722.4277863278985
real	4	1	B	status	0	57.606910122558475
real	4	1	B	status	1	56.16044974885881
real	4	1	B	status	2	59.53929969109595
real	4	1	B	status	3	55.84873026236892
real	4	1	B	status	4	56.009809486567974
real	4	1	B	converter_exact	0	64.07371023669839
real	4	1	B	converter_exact	1	66.11678982153535
real	4	1	B	converter_exact	2	64.8147298488766
real	4	1	B	converter_exact	3	64.40180935896933
real	4	1	B	converter_exact	4	64.85381978563964
real	4	1	B	converter_mro	0	114.112050505355
real	4	1	B	converter_mro	1	113.89015940949321
real	4	1	B	converter_mro	2	118.88380977325141
real	4	1	B	converter_mro	3	115.95556046813726
real	4	1	B	converter_mro	4	115.77717959880829
real	4	1	B	exception_exact	0	94.72061996348202
real	4	1	B	exception_exact	1	93.49161991849542
real	4	1	B	exception_exact	2	91.86486946418881
real	4	1	B	exception_exact	3	91.85194969177246
real	4	1	B	exception_exact	4	89.93183029815555
real	4	1	B	exception_mro	0	156.95389010943472
real	4	1	B	exception_mro	1	144.5147697813809
real	4	1	B	exception_mro	2	140.8890006132424
real	4	1	B	exception_mro	3	206.39174967072904
real	4	1	B	exception_mro	4	144.28088092245162
real	4	1	B	exception_default	0	74.82468034140766
real	4	1	B	exception_default	1	74.365179752931
real	4	1	B	exception_default	2	74.11275058984756
real	4	1	B	exception_default	3	73.97296954877675
real	4	1	B	exception_default	4	75.43309940956533
real	4	1	B	dispatch_normal	0	1805.3974024951458
real	4	1	B	dispatch_normal	1	1873.2622032985091
real	4	1	B	dispatch_normal	2	1815.4243938624859
real	4	1	B	dispatch_normal	3	1887.571602128446
real	4	1	B	dispatch_normal	4	1813.3870093151927
real	4	1	B	dispatch_404	0	2282.2433849796653
real	4	1	B	dispatch_404	1	2261.0240150243044
real	4	1	B	dispatch_404	2	2263.56559433043
real	4	1	B	dispatch_404	3	2253.1236056238413
real	4	1	B	dispatch_404	4	2253.2002069056034
real	4	1	B	dispatch_exception	0	3908.3118084818125
real	4	1	B	dispatch_exception	1	3283.9329913258553
real	4	1	B	dispatch_exception	2	3135.6015941128135
real	4	1	B	dispatch_exception	3	3147.379611618817
real	4	1	B	dispatch_exception	4	3208.4684120491147
real	4	1	B	dispatch_default	0	4655.169998295605
real	4	1	B	dispatch_default	1	4424.2019997909665
real	4	1	B	dispatch_default	2	4682.889604009688
real	4	1	B	dispatch_default	3	4443.6682015657425
real	4	1	B	dispatch_default	4	4281.484009698033
real	4	1	B	dispatch_guard	0	3133.7808119133115
real	4	1	B	dispatch_guard	1	3018.9984012395144
real	4	1	B	dispatch_guard	2	3153.792000375688
real	4	1	B	dispatch_guard	3	3165.1922035962343
real	4	1	B	dispatch_guard	4	3124.6209982782602
real	4	2	B	status	0	55.71641027927399
real	4	2	B	status	1	59.6849899739027
real	4	2	B	status	2	55.650119902566075
real	4	2	B	status	3	59.1040204744786
real	4	2	B	status	4	68.67592921480536
real	4	2	B	converter_exact	0	63.65489098243415
real	4	2	B	converter_exact	1	70.12033020146191
real	4	2	B	converter_exact	2	63.56397061608732
real	4	2	B	converter_exact	3	67.96204950660467
real	4	2	B	converter_exact	4	66.41895044595003
real	4	2	B	converter_mro	0	117.58596985600889
real	4	2	B	converter_mro	1	117.49658035114408
real	4	2	B	converter_mro	2	117.46548931114376
real	4	2	B	converter_mro	3	117.50300996936858
real	4	2	B	converter_mro	4	118.86492022313178
real	4	2	B	exception_exact	0	93.17967924289405
real	4	2	B	exception_exact	1	94.21616094186902
real	4	2	B	exception_exact	2	94.42182024940848
real	4	2	B	exception_exact	3	93.10123976320028
real	4	2	B	exception_exact	4	92.39488048478961
real	4	2	B	exception_mro	0	142.2869390808046
real	4	2	B	exception_mro	1	145.29376989230514
real	4	2	B	exception_mro	2	143.4463111218065
real	4	2	B	exception_mro	3	143.77306913957
real	4	2	B	exception_mro	4	143.96443963050842
real	4	2	B	exception_default	0	76.50590967386961
real	4	2	B	exception_default	1	77.1486503072083
real	4	2	B	exception_default	2	76.39065966941416
real	4	2	B	exception_default	3	86.79916965775192
real	4	2	B	exception_default	4	77.74853962473571
real	4	2	B	dispatch_normal	0	1835.615187883377
real	4	2	B	dispatch_normal	1	1805.5327935144305
real	4	2	B	dispatch_normal	2	1879.8938021063805
real	4	2	B	dispatch_normal	3	1872.6652022451162
real	4	2	B	dispatch_normal	4	1879.4351955875754
real	4	2	B	dispatch_404	0	2486.627781763673
real	4	2	B	dispatch_404	1	2468.471205793321
real	4	2	B	dispatch_404	2	3632.36281555146
real	4	2	B	dispatch_404	3	2361.9102081283927
real	4	2	B	dispatch_404	4	2270.1264126226306
real	4	2	B	dispatch_exception	0	5214.519007131457
real	4	2	B	dispatch_exception	1	3342.8973983973265
real	4	2	B	dispatch_exception	2	3277.5124069303274
real	4	2	B	dispatch_exception	3	3126.3059936463833
real	4	2	B	dispatch_exception	4	3057.894599623978
real	4	2	B	dispatch_default	0	4809.344001114368
real	4	2	B	dispatch_default	1	4346.991400234401
real	4	2	B	dispatch_default	2	4461.991018615663
real	4	2	B	dispatch_default	3	4507.613810710609
real	4	2	B	dispatch_default	4	4513.488593511283
real	4	2	B	dispatch_guard	0	3257.2431955486536
real	4	2	B	dispatch_guard	1	3089.2229871824384
real	4	2	B	dispatch_guard	2	3078.872198238969
real	4	2	B	dispatch_guard	3	3242.3770055174828
real	4	2	B	dispatch_guard	4	3078.155592083931
real	4	3	A	status	0	55.919960141181946
real	4	3	A	status	1	56.31458945572376
real	4	3	A	status	2	58.503199834376574
real	4	3	A	status	3	56.92702019587159
real	4	3	A	status	4	55.95844006165862
real	4	3	A	converter_exact	0	64.30362933315337
real	4	3	A	converter_exact	1	64.32474008761346
real	4	3	A	converter_exact	2	64.26609004847705
real	4	3	A	converter_exact	3	69.25096036866307
real	4	3	A	converter_exact	4	64.95576933957636
real	4	3	A	converter_mro	0	114.80691959150136
real	4	3	A	converter_mro	1	149.61361070163548
real	4	3	A	converter_mro	2	161.77209909074008
real	4	3	A	converter_mro	3	116.01093923673034
real	4	3	A	converter_mro	4	118.15898003987968
real	4	3	A	exception_exact	0	133.5798401851207
real	4	3	A	exception_exact	1	135.30244934372604
real	4	3	A	exception_exact	2	133.5747097618878
real	4	3	A	exception_exact	3	133.34420043975115
real	4	3	A	exception_exact	4	132.9383405391127
real	4	3	A	exception_mro	0	145.22877056151628
real	4	3	A	exception_mro	1	147.35911041498184
real	4	3	A	exception_mro	2	144.16661928407848
real	4	3	A	exception_mro	3	144.65579064562917
real	4	3	A	exception_mro	4	145.4593800008297
real	4	3	A	exception_default	0	164.06135051511228
real	4	3	A	exception_default	1	163.53797051124275
real	4	3	A	exception_default	2	164.90275040268898
real	4	3	A	exception_default	3	169.5081393700093
real	4	3	A	exception_default	4	164.15391000919044
real	4	3	A	dispatch_normal	0	1830.432191491127
real	4	3	A	dispatch_normal	1	1786.4512046799064
real	4	3	A	dispatch_normal	2	1815.6254198402166
real	4	3	A	dispatch_normal	3	1809.3883991241455
real	4	3	A	dispatch_normal	4	1822.9248002171516
real	4	3	A	dispatch_404	0	2269.4463841617107
real	4	3	A	dispatch_404	1	2223.1532027944922
real	4	3	A	dispatch_404	2	2322.4018048495054
real	4	3	A	dispatch_404	3	2370.765386149287
real	4	3	A	dispatch_404	4	2169.772796332836
real	4	3	A	dispatch_exception	0	4371.6134037822485
real	4	3	A	dispatch_exception	1	3554.595005698502
real	4	3	A	dispatch_exception	2	3518.381202593446
real	4	3	A	dispatch_exception	3	3436.3066079095006
real	4	3	A	dispatch_exception	4	3184.258216060698
real	4	3	A	dispatch_default	0	5049.283988773823
real	4	3	A	dispatch_default	1	4727.176995947957
real	4	3	A	dispatch_default	2	4986.628983169794
real	4	3	A	dispatch_default	3	5236.083804629743
real	4	3	A	dispatch_default	4	4736.9519947096705
real	4	3	A	dispatch_guard	0	4772.152379155159
real	4	3	A	dispatch_guard	1	4833.870008587837
real	4	3	A	dispatch_guard	2	4593.397188000381
real	4	3	A	dispatch_guard	3	4601.050610654056
real	4	3	A	dispatch_guard	4	4773.767804726958
real	5	0	B	status	0	64.02891944162548
real	5	0	B	status	1	55.37280929274857
real	5	0	B	status	2	55.807019816711545
real	5	0	B	status	3	57.51690943725407
real	5	0	B	status	4	54.418829968199134
real	5	0	B	converter_exact	0	63.39022074826061
real	5	0	B	converter_exact	1	65.60866953805089
real	5	0	B	converter_exact	2	63.266418874263756
real	5	0	B	converter_exact	3	66.39702944085002
real	5	0	B	converter_exact	4	63.049329910427325
real	5	0	B	converter_mro	0	113.71301952749491
real	5	0	B	converter_mro	1	120.42857939377427
real	5	0	B	converter_mro	2	113.2868800777942
real	5	0	B	converter_mro	3	113.25931060127914
real	5	0	B	converter_mro	4	175.0456599984318
real	5	0	B	exception_exact	0	145.43463941663504
real	5	0	B	exception_exact	1	94.45160045288503
real	5	0	B	exception_exact	2	93.55070069432259
real	5	0	B	exception_exact	3	93.56952039524913
real	5	0	B	exception_exact	4	93.28700951300561
real	5	0	B	exception_mro	0	140.63620008528233
real	5	0	B	exception_mro	1	145.8843401633203
real	5	0	B	exception_mro	2	143.06994038634002
real	5	0	B	exception_mro	3	144.89618013612926
real	5	0	B	exception_mro	4	143.20943970233202
real	5	0	B	exception_default	0	75.75660943984985
real	5	0	B	exception_default	1	76.89974969252944
real	5	0	B	exception_default	2	74.89869953133166
real	5	0	B	exception_default	3	76.96829037740827
real	5	0	B	exception_default	4	74.99682018533349
real	5	0	B	dispatch_normal	0	1874.3795808404684
real	5	0	B	dispatch_normal	1	1954.3879898265002
real	5	0	B	dispatch_normal	2	1889.3680069595575
real	5	0	B	dispatch_normal	3	1880.0379941239953
real	5	0	B	dispatch_normal	4	1840.4825823381543
real	5	0	B	dispatch_404	0	2312.6084124669433
real	5	0	B	dispatch_404	1	2264.31239861995
real	5	0	B	dispatch_404	2	2198.1252124533057
real	5	0	B	dispatch_404	3	2173.401997424662
real	5	0	B	dispatch_404	4	2206.9819970056415
real	5	0	B	dispatch_exception	0	4126.348393037915
real	5	0	B	dispatch_exception	1	3365.545393899083
real	5	0	B	dispatch_exception	2	3314.727987162769
real	5	0	B	dispatch_exception	3	3320.6488005816936
real	5	0	B	dispatch_exception	4	4756.986978463829
real	5	0	B	dispatch_default	0	6802.3116094991565
real	5	0	B	dispatch_default	1	4546.037409454584
real	5	0	B	dispatch_default	2	6276.7686089500785
real	5	0	B	dispatch_default	3	4630.634211935103
real	5	0	B	dispatch_default	4	4793.995385989547
real	5	0	B	dispatch_guard	0	3148.529608733952
real	5	0	B	dispatch_guard	1	3153.7187984213233
real	5	0	B	dispatch_guard	2	3302.86780372262
real	5	0	B	dispatch_guard	3	3165.699611417949
real	5	0	B	dispatch_guard	4	5030.456185340881
real	5	1	A	status	0	57.80991981737316
real	5	1	A	status	1	56.10777996480465
real	5	1	A	status	2	58.783270651474595
real	5	1	A	status	3	57.37834027968347
real	5	1	A	status	4	61.18542980402708
real	5	1	A	converter_exact	0	63.866130076348774
real	5	1	A	converter_exact	1	63.923009438440204
real	5	1	A	converter_exact	2	63.6312400456518
real	5	1	A	converter_exact	3	69.11207921802998
real	5	1	A	converter_exact	4	63.564799493178725
real	5	1	A	converter_mro	0	115.77366036362946
real	5	1	A	converter_mro	1	122.53080960363148
real	5	1	A	converter_mro	2	174.02786994352937
real	5	1	A	converter_mro	3	117.17863031663
real	5	1	A	converter_mro	4	117.85777052864432
real	5	1	A	exception_exact	0	136.69174979440868
real	5	1	A	exception_exact	1	134.6121309325099
real	5	1	A	exception_exact	2	133.7066397536546
real	5	1	A	exception_exact	3	137.8914201632142
real	5	1	A	exception_exact	4	135.6774102896452
real	5	1	A	exception_mro	0	143.89418065547943
real	5	1	A	exception_mro	1	143.50758050568402
real	5	1	A	exception_mro	2	142.87975034676492
real	5	1	A	exception_mro	3	144.56691918894649
real	5	1	A	exception_mro	4	147.57780940271914
real	5	1	A	exception_default	0	166.64124093949795
real	5	1	A	exception_default	1	165.1829096954316
real	5	1	A	exception_default	2	165.9579505212605
real	5	1	A	exception_default	3	165.73608969338238
real	5	1	A	exception_default	4	166.5840100031346
real	5	1	A	dispatch_normal	0	1816.6675930842757
real	5	1	A	dispatch_normal	1	1819.763402454555
real	5	1	A	dispatch_normal	2	1802.0834075286984
real	5	1	A	dispatch_normal	3	1880.3500104695559
real	5	1	A	dispatch_normal	4	1834.498392418027
real	5	1	A	dispatch_404	0	2350.1802003011107
real	5	1	A	dispatch_404	1	2291.470021009445
real	5	1	A	dispatch_404	2	2243.092190474272
real	5	1	A	dispatch_404	3	2237.9433969035745
real	5	1	A	dispatch_404	4	2229.534601792693
real	5	1	A	dispatch_exception	0	4033.462586812675
real	5	1	A	dispatch_exception	1	3551.3038048520684
real	5	1	A	dispatch_exception	2	3318.024193868041
real	5	1	A	dispatch_exception	3	3504.735417664051
real	5	1	A	dispatch_exception	4	3228.198387660086
real	5	1	A	dispatch_default	0	4752.300796099007
real	5	1	A	dispatch_default	1	4478.951217606664
real	5	1	A	dispatch_default	2	4663.137602619827
real	5	1	A	dispatch_default	3	5391.204194165766
real	5	1	A	dispatch_default	4	5003.412417136133
real	5	1	A	dispatch_guard	0	4864.863213151693
real	5	1	A	dispatch_guard	1	4820.503597147763
real	5	1	A	dispatch_guard	2	4646.893590688705
real	5	1	A	dispatch_guard	3	4884.948791004717
real	5	1	A	dispatch_guard	4	4650.549218058586
real	5	2	A	status	0	56.14838912151754
real	5	2	A	status	1	60.95799966715276
real	5	2	A	status	2	62.26929952390493
real	5	2	A	status	3	56.7641097586602
real	5	2	A	status	4	57.61708947829902
real	5	2	A	converter_exact	0	74.08087025396526
real	5	2	A	converter_exact	1	76.33541943505406
real	5	2	A	converter_exact	2	74.3439607322216
real	5	2	A	converter_exact	3	71.79751060903072
real	5	2	A	converter_exact	4	71.75178965553641
real	5	2	A	converter_mro	0	119.56105008721352
real	5	2	A	converter_mro	1	123.92363976687193
real	5	2	A	converter_mro	2	115.75123993679881
real	5	2	A	converter_mro	3	158.03032903932035
real	5	2	A	converter_mro	4	125.46318001113833
real	5	2	A	exception_exact	0	213.24658067896962
real	5	2	A	exception_exact	1	242.74077964946625
real	5	2	A	exception_exact	2	156.8675704766065
real	5	2	A	exception_exact	3	143.94124038517475
real	5	2	A	exception_exact	4	142.34534930437803
real	5	2	A	exception_mro	0	201.80868916213512
real	5	2	A	exception_mro	1	157.66691067256033
real	5	2	A	exception_mro	2	160.0469695404172
real	5	2	A	exception_mro	3	149.04426992870867
real	5	2	A	exception_mro	4	149.6010005939752
real	5	2	A	exception_default	0	166.69809934683144
real	5	2	A	exception_default	1	179.3909992557019
real	5	2	A	exception_default	2	172.63090936467052
real	5	2	A	exception_default	3	183.13382985070348
real	5	2	A	exception_default	4	180.64661999233067
real	5	2	A	dispatch_normal	0	1887.5391921028495
real	5	2	A	dispatch_normal	1	1926.3646099716427
real	5	2	A	dispatch_normal	2	2028.029807843268
real	5	2	A	dispatch_normal	3	2942.9282061755657
real	5	2	A	dispatch_normal	4	1835.8575878664851
real	5	2	A	dispatch_404	0	2261.0852029174566
real	5	2	A	dispatch_404	1	2265.992807224393
real	5	2	A	dispatch_404	2	2310.168999247253
real	5	2	A	dispatch_404	3	2198.753412812948
real	5	2	A	dispatch_404	4	2288.269391283393
real	5	2	A	dispatch_exception	0	4356.150981038809
real	5	2	A	dispatch_exception	1	3557.7068105340004
real	5	2	A	dispatch_exception	2	3384.301601909101
real	5	2	A	dispatch_exception	3	3290.869784541428
real	5	2	A	dispatch_exception	4	3339.6329963579774
real	5	2	A	dispatch_default	0	4958.562203682959
real	5	2	A	dispatch_default	1	5476.004211232066
real	5	2	A	dispatch_default	2	4688.029992394149
real	5	2	A	dispatch_default	3	4776.152619160712
real	5	2	A	dispatch_default	4	4761.735186912119
real	5	2	A	dispatch_guard	0	5241.991789080203
real	5	2	A	dispatch_guard	1	5143.560189753771
real	5	2	A	dispatch_guard	2	5657.041794620454
real	5	2	A	dispatch_guard	3	5269.019608385861
real	5	2	A	dispatch_guard	4	4830.0697933882475
real	5	3	B	status	0	55.46740023419261
real	5	3	B	status	1	59.16682071983814
real	5	3	B	status	2	55.694140028208494
real	5	3	B	status	3	59.55865955911577
real	5	3	B	status	4	55.31550035811961
real	5	3	B	converter_exact	0	64.95497073046863
real	5	3	B	converter_exact	1	65.35488064400852
real	5	3	B	converter_exact	2	65.56932930834591
real	5	3	B	converter_exact	3	69.74954041652381
real	5	3	B	converter_exact	4	102.37616021186113
real	5	3	B	converter_mro	0	126.96632067672908
real	5	3	B	converter_mro	1	115.36365025676787
real	5	3	B	converter_mro	2	119.55001042224467
real	5	3	B	converter_mro	3	114.01372961699963
real	5	3	B	converter_mro	4	117.49740922823548
real	5	3	B	exception_exact	0	92.66935987398028
real	5	3	B	exception_exact	1	91.76824009045959
real	5	3	B	exception_exact	2	103.30144898034632
real	5	3	B	exception_exact	3	92.47199981473386
real	5	3	B	exception_exact	4	91.7071895673871
real	5	3	B	exception_mro	0	141.90564048476517
real	5	3	B	exception_mro	1	141.61908999085426
real	5	3	B	exception_mro	2	141.89555076882243
real	5	3	B	exception_mro	3	141.82957005687058
real	5	3	B	exception_mro	4	141.45658002234995
real	5	3	B	exception_default	0	75.4260690882802
real	5	3	B	exception_default	1	75.39051002822816
real	5	3	B	exception_default	2	74.93400014936924
real	5	3	B	exception_default	3	78.58749944716692
real	5	3	B	exception_default	4	74.53804952092469
real	5	3	B	dispatch_normal	0	1888.8114020228386
real	5	3	B	dispatch_normal	1	1923.153409734368
real	5	3	B	dispatch_normal	2	2272.012992762029
real	5	3	B	dispatch_normal	3	2049.2108073085546
real	5	3	B	dispatch_normal	4	1871.9415878877044
real	5	3	B	dispatch_404	0	2301.5493992716074
real	5	3	B	dispatch_404	1	2269.3651961162686
real	5	3	B	dispatch_404	2	2257.512812502682
real	5	3	B	dispatch_404	3	2240.3954062610865
real	5	3	B	dispatch_404	4	2348.6525984480977
real	5	3	B	dispatch_exception	0	3999.749198555947
real	5	3	B	dispatch_exception	1	3385.2830063551664
real	5	3	B	dispatch_exception	2	3285.235003568232
real	5	3	B	dispatch_exception	3	3228.9389986544847
real	5	3	B	dispatch_exception	4	3194.3490030243993
real	5	3	B	dispatch_default	0	4621.983412653208
real	5	3	B	dispatch_default	1	4408.86439755559
real	5	3	B	dispatch_default	2	5442.854994907975
real	5	3	B	dispatch_default	3	5401.950981467962
real	5	3	B	dispatch_default	4	4831.18761330843
real	5	3	B	dispatch_guard	0	3224.0898115560412
real	5	3	B	dispatch_guard	1	3049.3176076561213
real	5	3	B	dispatch_guard	2	3095.921198837459
real	5	3	B	dispatch_guard	3	3085.2092197164893
real	5	3	B	dispatch_guard	4	3125.8102040737867
